{
    "1": {
        "precision": 1.0,
        "recall": 0.6470588235294118,
        "f1": 0.7857142857142858
    },
    "2": {
        "precision": 0.0,
        "recall": 0.6363636363636364,
        "f1": 0.0
    },
    "3": {
        "precision": 0.0,
        "recall": 1.0,
        "f1": 0.0
    },
    "4": {
        "precision": 0.0,
        "recall": 0.5,
        "f1": 0.0
    },
    "5": {
        "precision": 0.5,
        "recall": 0.8636363636363636,
        "f1": 0.6333333333333333
    },
    "6": {
        "precision": 0.3333333333333333,
        "recall": 0.8148148148148148,
        "f1": 0.47311827956989244
    },
    "7": {
        "precision": 1.0,
        "recall": 0.8,
        "f1": 0.888888888888889
    },
    "8": {
        "precision": 0.6666666666666666,
        "recall": 0.7878787878787878,
        "f1": 0.7222222222222221
    },
    "average": {
        "precision": 0.4375,
        "recall": 0.7562190532778768,
        "f1": 0.4379096262160778,
        "num_samples": {
            "precision": 8,
            "recall": 8,
            "f1": 8
        }
    }
}