{
    "1": {
        "precision": 1.0,
        "recall": 0.6470588235294118,
        "f1": 0.7857142857142858
    },
    "2": {
        "precision": 1.0,
        "recall": 0.6060606060606061,
        "f1": 0.7547169811320755
    },
    "3": {
        "precision": 0.0,
        "recall": 1.0,
        "f1": 0.0
    },
    "4": {
        "precision": 1.0,
        "recall": 0.5,
        "f1": 0.6666666666666666
    },
    "5": {
        "precision": 1.0,
        "recall": 0.8636363636363636,
        "f1": 0.9268292682926829
    },
    "6": {
        "precision": 1.0,
        "recall": 0.8148148148148148,
        "f1": 0.8979591836734693
    },
    "7": {
        "precision": 1.0,
        "recall": 0.8285714285714286,
        "f1": 0.90625
    },
    "8": {
        "precision": 1.0,
        "recall": 0.7878787878787878,
        "f1": 0.8813559322033898
    },
    "average": {
        "precision": 0.875,
        "recall": 0.7560026030614266,
        "f1": 0.7274365397103213,
        "num_samples": {
            "precision": 8,
            "recall": 8,
            "f1": 8
        }
    }
}