{
    "1": {
        "precision": 1.0,
        "recall": 0.17647058823529413,
        "f1": 0.3
    },
    "2": {
        "precision": 1.0,
        "recall": 0.030303030303030304,
        "f1": 0.05882352941176471
    },
    "3": {
        "precision": 0.0,
        "recall": 0.0,
        "f1": 0.0
    },
    "4": {
        "precision": 1.0,
        "recall": 0.7142857142857143,
        "f1": 0.8333333333333333
    },
    "5": {
        "precision": 1.0,
        "recall": 0.2727272727272727,
        "f1": 0.42857142857142855
    },
    "6": {
        "precision": 1.0,
        "recall": 0.4074074074074074,
        "f1": 0.5789473684210525
    },
    "7": {
        "precision": 1.0,
        "recall": 0.22857142857142856,
        "f1": 0.3720930232558139
    },
    "8": {
        "precision": 1.0,
        "recall": 0.18181818181818182,
        "f1": 0.3076923076923077
    },
    "average": {
        "precision": 0.875,
        "recall": 0.25144795291854116,
        "f1": 0.35993262383571256,
        "num_samples": {
            "precision": 8,
            "recall": 8,
            "f1": 8
        }
    }
}