{
    "train_001": {
        "precision": 1.0,
        "recall": 1.0,
        "f1": 1.0
    },
    "train_003": {
        "precision": 0.6,
        "recall": 0.75,
        "f1": 0.6666666666666665
    },
    "train_005": {
        "precision": 0.65,
        "recall": 0.9230769230769231,
        "f1": 0.762836185819071
    },
    "train_004": {
        "precision": 0.7872340425531915,
        "recall": 0.875,
        "f1": 0.8288
    },
    "train_002": {
        "precision": 0.8333333333333334,
        "recall": 0.8709677419354839,
        "f1": 0.8517350157728707
    },
    "train_007": {
        "precision": 0.9230769230769231,
        "recall": 0.8823529411764706,
        "f1": 0.9022556390977443
    },
    "train_008": {
        "precision": 0.7833333333333333,
        "recall": 0.8636363636363636,
        "f1": 0.8215271389144434
    },
    "train_009": {
        "precision": 0.6190476190476191,
        "recall": 0.9024390243902439,
        "f1": 0.7343511450381681
    },
    "train_006": {
        "precision": 0.7333333333333333,
        "recall": 0.7692307692307693,
        "f1": 0.7508532423208191
    },
    "train_012": {
        "precision": 0.9333333333333333,
        "recall": 0.8333333333333334,
        "f1": 0.8805031446540881
    },
    "train_013": {
        "precision": 0.8,
        "recall": 0.8,
        "f1": 0.8000000000000002
    },
    "train_014": {
        "precision": 0.7454545454545455,
        "recall": 0.9154929577464789,
        "f1": 0.8217699660807894
    },
    "train_010": {
        "precision": 0.7777777777777778,
        "recall": 0.6666666666666666,
        "f1": 0.717948717948718
    },
    "train_011": {
        "precision": 1.0,
        "recall": 0.9047619047619048,
        "f1": 0.9500000000000001
    },
    "train_015": {
        "precision": 0.7,
        "recall": 0.6153846153846154,
        "f1": 0.6549707602339182
    },
    "train_016": {
        "precision": 1.0,
        "recall": 0.8666666666666667,
        "f1": 0.9285714285714286
    },
    "train_017": {
        "precision": 1.0,
        "recall": 1.0,
        "f1": 1.0
    },
    "train_019": {
        "precision": 1.0,
        "recall": 1.0,
        "f1": 1.0
    },
    "train_018": {
        "precision": 0.6111111111111112,
        "recall": 0.6666666666666666,
        "f1": 0.6376811594202899
    },
    "train_020": {
        "precision": 0.8333333333333334,
        "recall": 1.0,
        "f1": 0.9090909090909091
    },
    "train_021": {
        "precision": 0.8571428571428571,
        "recall": 0.9090909090909091,
        "f1": 0.8823529411764706
    },
    "train_022": {
        "precision": 1.0,
        "recall": 0.8378378378378378,
        "f1": 0.911764705882353
    },
    "train_023": {
        "precision": 0.5,
        "recall": 0.5,
        "f1": 0.5
    },
    "train_024": {
        "precision": 1.0,
        "recall": 0.9375,
        "f1": 0.967741935483871
    },
    "train_025": {
        "precision": 0.7142857142857143,
        "recall": 0.75,
        "f1": 0.7317073170731706
    },
    "train_026": {
        "precision": 0.8461538461538461,
        "recall": 0.8333333333333334,
        "f1": 0.8396946564885497
    },
    "train_027": {
        "precision": 0.875,
        "recall": 0.8888888888888888,
        "f1": 0.8818897637795274
    },
    "train_028": {
        "precision": 0.8181818181818182,
        "recall": 0.9285714285714286,
        "f1": 0.8698884758364314
    },
    "train_029": {
        "precision": 0.7777777777777778,
        "recall": 0.8,
        "f1": 0.7887323943661971
    },
    "train_030": {
        "precision": 0.7636363636363637,
        "recall": 1.0,
        "f1": 0.865979381443299
    },
    "train_033": {
        "precision": 0.8163265306122449,
        "recall": 0.95,
        "f1": 0.878105141536684
    },
    "train_034": {
        "precision": 1.0,
        "recall": 1.0,
        "f1": 1.0
    },
    "train_031": {
        "precision": 1.0,
        "recall": 0.9259259259259259,
        "f1": 0.9615384615384615
    },
    "train_032": {
        "precision": 1.0,
        "recall": 0.7272727272727273,
        "f1": 0.8421052631578948
    },
    "train_035": {
        "precision": 0.7555555555555555,
        "recall": 0.9,
        "f1": 0.8214765100671142
    },
    "train_036": {
        "precision": 0.8163265306122449,
        "recall": 0.8181818181818182,
        "f1": 0.8172531214528944
    },
    "train_037": {
        "precision": 1.0,
        "recall": 0.8333333333333334,
        "f1": 0.9090909090909091
    },
    "train_038": {
        "precision": 0.8444444444444444,
        "recall": 0.7352941176470589,
        "f1": 0.7860984691766653
    },
    "train_039": {
        "precision": 0.8048780487804879,
        "recall": 0.8421052631578947,
        "f1": 0.8230709275136399
    },
    "train_040": {
        "precision": 1.0,
        "recall": 0.9090909090909091,
        "f1": 0.9523809523809523
    },
    "train_041": {
        "precision": 0.8,
        "recall": 0.8333333333333334,
        "f1": 0.816326530612245
    },
    "train_042": {
        "precision": 0.6,
        "recall": 0.9444444444444444,
        "f1": 0.7338129496402879
    },
    "train_043": {
        "precision": 0.6666666666666666,
        "recall": 0.9090909090909091,
        "f1": 0.7692307692307692
    },
    "train_044": {
        "precision": 1.0,
        "recall": 0.9,
        "f1": 0.9473684210526316
    },
    "train_045": {
        "precision": 0.9565217391304348,
        "recall": 0.96,
        "f1": 0.9582577132486388
    },
    "train_046": {
        "precision": 0.9523809523809523,
        "recall": 0.7692307692307693,
        "f1": 0.8510638297872339
    },
    "train_047": {
        "precision": 0.8,
        "recall": 0.8333333333333334,
        "f1": 0.816326530612245
    },
    "train_048": {
        "precision": 0.6666666666666666,
        "recall": 1.0,
        "f1": 0.8
    },
    "train_049": {
        "precision": 0.9272727272727272,
        "recall": 0.9090909090909091,
        "f1": 0.918091809180918
    },
    "train_050": {
        "precision": 1.0,
        "recall": 0.9,
        "f1": 0.9473684210526316
    },
    "train_051": {
        "precision": 0.7777777777777778,
        "recall": 0.7058823529411765,
        "f1": 0.7400881057268723
    },
    "train_052": {
        "precision": 1.0,
        "recall": 0.8571428571428571,
        "f1": 0.923076923076923
    },
    "average": {
        "precision": 0.8397570135147387,
        "recall": 0.8587240764540843,
        "f1": 0.8436816240441617,
        "num_samples": {
            "precision": 52,
            "recall": 52,
            "f1": 52
        }
    }
}