{
    "train_001": {
        "precision": 1.0,
        "recall": 1.0,
        "f1": 1.0
    },
    "train_003": {
        "precision": 0.8666666666666667,
        "recall": 0.625,
        "f1": 0.7262569832402236
    },
    "train_005": {
        "precision": 0.85,
        "recall": 0.8461538461538461,
        "f1": 0.8480725623582767
    },
    "train_004": {
        "precision": 0.9148936170212766,
        "recall": 0.55,
        "f1": 0.6870007262164125
    },
    "train_002": {
        "precision": 0.9444444444444444,
        "recall": 0.4838709677419355,
        "f1": 0.6398996235884566
    },
    "train_007": {
        "precision": 1.0,
        "recall": 0.7058823529411765,
        "f1": 0.8275862068965517
    },
    "train_008": {
        "precision": 0.8717948717948718,
        "recall": 0.6363636363636364,
        "f1": 0.7357032457496137
    },
    "train_009": {
        "precision": 1.0,
        "recall": 0.5609756097560976,
        "f1": 0.71875
    },
    "train_006": {
        "precision": 0.9333333333333333,
        "recall": 0.34615384615384615,
        "f1": 0.5050100200400802
    },
    "train_012": {
        "precision": 0.9555555555555556,
        "recall": 0.6666666666666666,
        "f1": 0.7853881278538813
    },
    "train_013": {
        "precision": 0.9111111111111111,
        "recall": 0.8,
        "f1": 0.8519480519480519
    },
    "train_014": {
        "precision": 0.8,
        "recall": 0.5352112676056338,
        "f1": 0.6413502109704641
    },
    "train_010": {
        "precision": 1.0,
        "recall": 0.2222222222222222,
        "f1": 0.3636363636363636
    },
    "train_011": {
        "precision": 1.0,
        "recall": 0.8095238095238095,
        "f1": 0.8947368421052632
    },
    "train_015": {
        "precision": 0.95,
        "recall": 0.3076923076923077,
        "f1": 0.46483180428134563
    },
    "train_016": {
        "precision": 1.0,
        "recall": 0.6666666666666666,
        "f1": 0.8
    },
    "train_017": {
        "precision": 1.0,
        "recall": 0.65,
        "f1": 0.787878787878788
    },
    "train_019": {
        "precision": 1.0,
        "recall": 0.6666666666666666,
        "f1": 0.8
    },
    "train_018": {
        "precision": 0.7777777777777778,
        "recall": 0.6666666666666666,
        "f1": 0.717948717948718
    },
    "train_020": {
        "precision": 1.0,
        "recall": 0.8571428571428571,
        "f1": 0.923076923076923
    },
    "train_021": {
        "precision": 1.0,
        "recall": 0.7272727272727273,
        "f1": 0.8421052631578948
    },
    "train_022": {
        "precision": 1.0,
        "recall": 0.7297297297297297,
        "f1": 0.8437499999999999
    },
    "train_023": {
        "precision": 0.5,
        "recall": 0.5,
        "f1": 0.5
    },
    "train_024": {
        "precision": 1.0,
        "recall": 0.875,
        "f1": 0.9333333333333333
    },
    "train_025": {
        "precision": 0.9047619047619048,
        "recall": 0.65,
        "f1": 0.7565084226646248
    },
    "train_026": {
        "precision": 1.0,
        "recall": 0.6666666666666666,
        "f1": 0.8
    },
    "train_027": {
        "precision": 1.0,
        "recall": 0.3333333333333333,
        "f1": 0.5
    },
    "train_028": {
        "precision": 0.8181818181818182,
        "recall": 0.7142857142857143,
        "f1": 0.7627118644067797
    },
    "train_029": {
        "precision": 0.7777777777777778,
        "recall": 0.5333333333333333,
        "f1": 0.6327683615819208
    },
    "train_030": {
        "precision": 0.7631578947368421,
        "recall": 0.6538461538461539,
        "f1": 0.7042857142857143
    },
    "train_033": {
        "precision": 0.9591836734693877,
        "recall": 0.4,
        "f1": 0.5645645645645646
    },
    "train_034": {
        "precision": 1.0,
        "recall": 0.42857142857142855,
        "f1": 0.6
    },
    "train_031": {
        "precision": 1.0,
        "recall": 0.3333333333333333,
        "f1": 0.5
    },
    "train_032": {
        "precision": 1.0,
        "recall": 0.6363636363636364,
        "f1": 0.7777777777777778
    },
    "train_035": {
        "precision": 1.0,
        "recall": 0.6,
        "f1": 0.7499999999999999
    },
    "train_036": {
        "precision": 0.8979591836734694,
        "recall": 0.5454545454545454,
        "f1": 0.6786632390745501
    },
    "train_037": {
        "precision": 1.0,
        "recall": 0.6666666666666666,
        "f1": 0.8
    },
    "train_038": {
        "precision": 0.9545454545454546,
        "recall": 0.7058823529411765,
        "f1": 0.8115942028985507
    },
    "train_039": {
        "precision": 0.95,
        "recall": 0.49122807017543857,
        "f1": 0.6475958612294582
    },
    "train_040": {
        "precision": 1.0,
        "recall": 0.9090909090909091,
        "f1": 0.9523809523809523
    },
    "train_041": {
        "precision": 0.9333333333333333,
        "recall": 0.6666666666666666,
        "f1": 0.7777777777777778
    },
    "train_042": {
        "precision": 0.7142857142857143,
        "recall": 0.6111111111111112,
        "f1": 0.6586826347305389
    },
    "train_043": {
        "precision": 1.0,
        "recall": 0.5454545454545454,
        "f1": 0.7058823529411764
    },
    "train_044": {
        "precision": 1.0,
        "recall": 0.4,
        "f1": 0.5714285714285715
    },
    "train_045": {
        "precision": 1.0,
        "recall": 0.6,
        "f1": 0.7499999999999999
    },
    "train_046": {
        "precision": 0.9523809523809523,
        "recall": 0.5769230769230769,
        "f1": 0.718562874251497
    },
    "train_047": {
        "precision": 0.8666666666666667,
        "recall": 0.3888888888888889,
        "f1": 0.536873156342183
    },
    "train_048": {
        "precision": 0.8888888888888888,
        "recall": 1.0,
        "f1": 0.9411764705882353
    },
    "train_049": {
        "precision": 1.0,
        "recall": 0.9090909090909091,
        "f1": 0.9523809523809523
    },
    "train_050": {
        "precision": 1.0,
        "recall": 0.7,
        "f1": 0.8235294117647058
    },
    "train_051": {
        "precision": 0.8888888888888888,
        "recall": 0.5294117647058824,
        "f1": 0.663594470046083
    },
    "train_052": {
        "precision": 1.0,
        "recall": 0.8095238095238095,
        "f1": 0.8947368421052632
    },
    "average": {
        "precision": 0.9335690294095411,
        "recall": 0.6238459377575716,
        "f1": 0.7321488513365869,
        "num_samples": {
            "precision": 52,
            "recall": 52,
            "f1": 52
        }
    }
}