{
    "1": {
        "precision": 0.7777777777777778,
        "recall": 0.7058823529411765,
        "f1": 0.7400881057268723
    },
    "2": {
        "precision": 0.9428571428571428,
        "recall": 0.8181818181818182,
        "f1": 0.8761061946902655
    },
    "3": {
        "precision": 0.6,
        "recall": 0.5,
        "f1": 0.5454545454545454
    },
    "4": {
        "precision": 0.7083333333333334,
        "recall": 0.6428571428571429,
        "f1": 0.6740088105726872
    },
    "5": {
        "precision": 0.6,
        "recall": 0.9090909090909091,
        "f1": 0.7228915662650602
    },
    "6": {
        "precision": 0.7888888888888889,
        "recall": 0.8888888888888888,
        "f1": 0.8359087564385578
    },
    "7": {
        "precision": 0.8829787234042553,
        "recall": 0.8857142857142857,
        "f1": 0.884344389070287
    },
    "8": {
        "precision": 0.9021739130434783,
        "recall": 0.8484848484848485,
        "f1": 0.8745061147695203
    },
    "average": {
        "precision": 0.7753762224131096,
        "recall": 0.7748875307698837,
        "f1": 0.7691635603734744,
        "num_samples": {
            "precision": 8,
            "recall": 8,
            "f1": 8
        }
    }
}