{
    "1": {
        "precision": 0.7407407407407407,
        "recall": 0.35294117647058826,
        "f1": 0.47808764940239046
    },
    "2": {
        "precision": 1.0,
        "recall": 0.3939393939393939,
        "f1": 0.5652173913043478
    },
    "3": {
        "precision": 1.0,
        "recall": 0.16666666666666666,
        "f1": 0.2857142857142857
    },
    "4": {
        "precision": 0.9166666666666666,
        "recall": 0.5714285714285714,
        "f1": 0.7039999999999998
    },
    "5": {
        "precision": 0.797752808988764,
        "recall": 0.8181818181818182,
        "f1": 0.8078381795195954
    },
    "6": {
        "precision": 0.9325842696629213,
        "recall": 0.7777777777777778,
        "f1": 0.8481751824817518
    },
    "7": {
        "precision": 0.9148936170212766,
        "recall": 0.42857142857142855,
        "f1": 0.583710407239819
    },
    "8": {
        "precision": 0.9120879120879121,
        "recall": 0.5151515151515151,
        "f1": 0.6584227718152124
    },
    "average": {
        "precision": 0.9018407518960352,
        "recall": 0.50308229352347,
        "f1": 0.6163957334346752,
        "num_samples": {
            "precision": 8,
            "recall": 8,
            "f1": 8
        }
    }
}