{
    "1": {
        "precision": 0.88,
        "recall": 0.35294117647058826,
        "f1": 0.5038167938931298
    },
    "2": {
        "precision": 0.9310344827586207,
        "recall": 0.3939393939393939,
        "f1": 0.5536277602523659
    },
    "3": {
        "precision": 1.0,
        "recall": 0.16666666666666666,
        "f1": 0.2857142857142857
    },
    "4": {
        "precision": 0.9354838709677419,
        "recall": 0.5714285714285714,
        "f1": 0.709480122324159
    },
    "5": {
        "precision": 0.8987341772151899,
        "recall": 0.8181818181818182,
        "f1": 0.8565683646112601
    },
    "6": {
        "precision": 0.8734177215189873,
        "recall": 0.7407407407407407,
        "f1": 0.801626488527447
    },
    "7": {
        "precision": 0.9438202247191011,
        "recall": 0.37142857142857144,
        "f1": 0.5330729802294362
    },
    "8": {
        "precision": 0.9565217391304348,
        "recall": 0.21212121212121213,
        "f1": 0.34723788049605414
    },
    "average": {
        "precision": 0.9273765270387595,
        "recall": 0.45343101887219533,
        "f1": 0.5738930845060173,
        "num_samples": {
            "precision": 8,
            "recall": 8,
            "f1": 8
        }
    }
}