{
    "1": {
        "precision": 0.8,
        "recall": 0.7647058823529411,
        "f1": 0.7819548872180452
    },
    "2": {
        "precision": 0.8620689655172413,
        "recall": 0.7575757575757576,
        "f1": 0.8064516129032258
    },
    "3": {
        "precision": 0.8,
        "recall": 0.5,
        "f1": 0.6153846153846154
    },
    "4": {
        "precision": 0.8709677419354839,
        "recall": 0.7142857142857143,
        "f1": 0.7848837209302325
    },
    "5": {
        "precision": 0.675,
        "recall": 0.8636363636363636,
        "f1": 0.757754800590842
    },
    "6": {
        "precision": 0.7875,
        "recall": 0.8518518518518519,
        "f1": 0.8184128777181587
    },
    "7": {
        "precision": 0.8651685393258427,
        "recall": 0.8571428571428571,
        "f1": 0.8611369990680335
    },
    "8": {
        "precision": 0.9130434782608695,
        "recall": 0.6363636363636364,
        "f1": 0.75
    },
    "average": {
        "precision": 0.8217185906299297,
        "recall": 0.7431952579011403,
        "f1": 0.7719974392266441,
        "num_samples": {
            "precision": 8,
            "recall": 8,
            "f1": 8
        }
    }
}