{
    "train_002": {
        "precision": 0.6666666666666666,
        "recall": 0.9032258064516129,
        "f1": 0.7671232876712328
    },
    "train_007": {
        "precision": 1.0,
        "recall": 0.7647058823529411,
        "f1": 0.8666666666666666
    },
    "train_008": {
        "precision": 1.0,
        "recall": 0.8636363636363636,
        "f1": 0.9268292682926829
    },
    "train_009": {
        "precision": 0.72,
        "recall": 0.9024390243902439,
        "f1": 0.8009621166566446
    },
    "train_015": {
        "precision": 0.75,
        "recall": 0.5769230769230769,
        "f1": 0.6521739130434783
    },
    "train_016": {
        "precision": 1.0,
        "recall": 0.8666666666666667,
        "f1": 0.9285714285714286
    },
    "train_018": {
        "precision": 0.5,
        "recall": 0.6666666666666666,
        "f1": 0.5714285714285715
    },
    "train_035": {
        "precision": 0.7777777777777778,
        "recall": 0.95,
        "f1": 0.855305466237942
    },
    "train_041": {
        "precision": 0.7777777777777778,
        "recall": 0.8333333333333334,
        "f1": 0.8045977011494253
    },
    "train_048": {
        "precision": 0.6666666666666666,
        "recall": 1.0,
        "f1": 0.8
    },
    "average": {
        "precision": 0.7858888888888889,
        "recall": 0.8327596820420904,
        "f1": 0.7973658419718073,
        "num_samples": {
            "precision": 10,
            "recall": 10,
            "f1": 10
        }
    }
}