{
    "train_002": {
        "precision": 0.9333333333333333,
        "recall": 0.5806451612903226,
        "f1": 0.7159090909090909
    },
    "train_007": {
        "precision": 1.0,
        "recall": 0.7058823529411765,
        "f1": 0.8275862068965517
    },
    "train_008": {
        "precision": 1.0,
        "recall": 0.6363636363636364,
        "f1": 0.7777777777777778
    },
    "train_009": {
        "precision": 0.9,
        "recall": 0.6097560975609756,
        "f1": 0.7269789983844912
    },
    "train_015": {
        "precision": 1.0,
        "recall": 0.3076923076923077,
        "f1": 0.47058823529411764
    },
    "train_016": {
        "precision": 1.0,
        "recall": 0.8,
        "f1": 0.888888888888889
    },
    "train_018": {
        "precision": 0.8333333333333334,
        "recall": 0.6666666666666666,
        "f1": 0.7407407407407408
    },
    "train_035": {
        "precision": 1.0,
        "recall": 0.5,
        "f1": 0.6666666666666666
    },
    "train_041": {
        "precision": 1.0,
        "recall": 0.6666666666666666,
        "f1": 0.8
    },
    "train_048": {
        "precision": 1.0,
        "recall": 1.0,
        "f1": 1.0
    },
    "average": {
        "precision": 0.9666666666666666,
        "recall": 0.6473672889181752,
        "f1": 0.7615136605558326,
        "num_samples": {
            "precision": 10,
            "recall": 10,
            "f1": 10
        }
    }
}