{
    "train_001": {
        "precision": 0.9,
        "recall": 1.0,
        "f1": 0.9473684210526316
    },
    "train_003": {
        "precision": 0.6666666666666666,
        "recall": 0.75,
        "f1": 0.7058823529411765
    },
    "train_005": {
        "precision": 0.8571428571428571,
        "recall": 0.7692307692307693,
        "f1": 0.8108108108108107
    },
    "train_004": {
        "precision": 0.8333333333333334,
        "recall": 0.8,
        "f1": 0.816326530612245
    },
    "train_002": {
        "precision": 0.9230769230769231,
        "recall": 0.9354838709677419,
        "f1": 0.9292389853137518
    },
    "train_007": {
        "precision": 0.9090909090909091,
        "recall": 0.7647058823529411,
        "f1": 0.8306709265175718
    },
    "train_008": {
        "precision": 1.0,
        "recall": 0.8181818181818182,
        "f1": 0.9
    },
    "train_009": {
        "precision": 0.75,
        "recall": 0.926829268292683,
        "f1": 0.8290909090909092
    },
    "train_006": {
        "precision": 0.6666666666666666,
        "recall": 0.6923076923076923,
        "f1": 0.6792452830188679
    },
    "train_012": {
        "precision": 0.95,
        "recall": 0.6666666666666666,
        "f1": 0.7835051546391752
    },
    "train_013": {
        "precision": 1.0,
        "recall": 0.8,
        "f1": 0.888888888888889
    },
    "train_014": {
        "precision": 0.896551724137931,
        "recall": 0.9295774647887324,
        "f1": 0.9127659574468084
    },
    "train_010": {
        "precision": 0.8,
        "recall": 0.7777777777777778,
        "f1": 0.7887323943661971
    },
    "train_011": {
        "precision": 1.0,
        "recall": 0.9523809523809523,
        "f1": 0.975609756097561
    },
    "train_015": {
        "precision": 0.6363636363636364,
        "recall": 0.5769230769230769,
        "f1": 0.6051873198847261
    },
    "train_016": {
        "precision": 1.0,
        "recall": 0.7333333333333333,
        "f1": 0.846153846153846
    },
    "train_017": {
        "precision": 1.0,
        "recall": 1.0,
        "f1": 1.0
    },
    "train_019": {
        "precision": 1.0,
        "recall": 1.0,
        "f1": 1.0
    },
    "train_018": {
        "precision": 0.625,
        "recall": 0.6666666666666666,
        "f1": 0.6451612903225806
    },
    "train_020": {
        "precision": 0.42857142857142855,
        "recall": 0.7142857142857143,
        "f1": 0.5357142857142858
    },
    "train_021": {
        "precision": 0.875,
        "recall": 0.9090909090909091,
        "f1": 0.8917197452229298
    },
    "train_022": {
        "precision": 0.8571428571428571,
        "recall": 0.8378378378378378,
        "f1": 0.847380410022779
    },
    "train_023": {
        "precision": 0.4,
        "recall": 0.5,
        "f1": 0.4444444444444445
    },
    "train_024": {
        "precision": 1.0,
        "recall": 1.0,
        "f1": 1.0
    },
    "train_025": {
        "precision": 1.0,
        "recall": 0.8,
        "f1": 0.888888888888889
    },
    "train_026": {
        "precision": 0.8,
        "recall": 0.75,
        "f1": 0.7741935483870969
    },
    "train_027": {
        "precision": 0.7777777777777778,
        "recall": 0.8333333333333334,
        "f1": 0.8045977011494253
    },
    "train_028": {
        "precision": 0.42857142857142855,
        "recall": 0.8571428571428571,
        "f1": 0.5714285714285714
    },
    "train_029": {
        "precision": 0.9,
        "recall": 0.8,
        "f1": 0.8470588235294118
    },
    "train_030": {
        "precision": 1.0,
        "recall": 1.0,
        "f1": 1.0
    },
    "train_033": {
        "precision": 0.851063829787234,
        "recall": 0.95,
        "f1": 0.8978145304193738
    },
    "train_034": {
        "precision": 1.0,
        "recall": 1.0,
        "f1": 1.0
    },
    "train_031": {
        "precision": 1.0,
        "recall": 0.7407407407407407,
        "f1": 0.851063829787234
    },
    "train_032": {
        "precision": 0.6666666666666666,
        "recall": 0.8181818181818182,
        "f1": 0.7346938775510203
    },
    "train_035": {
        "precision": 0.8666666666666667,
        "recall": 0.75,
        "f1": 0.8041237113402062
    },
    "train_036": {
        "precision": 0.84,
        "recall": 0.9090909090909091,
        "f1": 0.8731808731808731
    },
    "train_037": {
        "precision": 0.75,
        "recall": 0.7916666666666666,
        "f1": 0.7702702702702704
    },
    "train_038": {
        "precision": 0.9090909090909091,
        "recall": 0.5882352941176471,
        "f1": 0.7142857142857143
    },
    "train_039": {
        "precision": 0.9024390243902439,
        "recall": 0.8596491228070176,
        "f1": 0.8805245264691599
    },
    "train_040": {
        "precision": 0.8,
        "recall": 0.9090909090909091,
        "f1": 0.8510638297872342
    },
    "train_041": {
        "precision": 0.8,
        "recall": 0.9166666666666666,
        "f1": 0.854368932038835
    },
    "train_042": {
        "precision": 0.9090909090909091,
        "recall": 0.9444444444444444,
        "f1": 0.9264305177111717
    },
    "train_043": {
        "precision": 0.75,
        "recall": 0.9090909090909091,
        "f1": 0.821917808219178
    },
    "train_044": {
        "precision": 1.0,
        "recall": 0.8,
        "f1": 0.888888888888889
    },
    "train_045": {
        "precision": 0.9,
        "recall": 0.84,
        "f1": 0.8689655172413793
    },
    "train_046": {
        "precision": 0.8461538461538461,
        "recall": 0.7692307692307693,
        "f1": 0.8058608058608059
    },
    "train_047": {
        "precision": 0.8,
        "recall": 0.8333333333333334,
        "f1": 0.816326530612245
    },
    "train_048": {
        "precision": 1.0,
        "recall": 1.0,
        "f1": 1.0
    },
    "train_049": {
        "precision": 0.9818181818181818,
        "recall": 1.0,
        "f1": 0.9908256880733944
    },
    "train_050": {
        "precision": 1.0,
        "recall": 1.0,
        "f1": 1.0
    },
    "train_051": {
        "precision": 0.5714285714285714,
        "recall": 0.9411764705882353,
        "f1": 0.7111111111111111
    },
    "train_052": {
        "precision": 0.8571428571428571,
        "recall": 0.8571428571428571,
        "f1": 0.8571428571428571
    },
    "average": {
        "precision": 0.8438945705918943,
        "recall": 0.8401826308222005,
        "f1": 0.8349793281910872,
        "num_samples": {
            "precision": 52,
            "recall": 52,
            "f1": 52
        }
    }
}