{
    "train_001": {
        "precision": 1.0,
        "recall": 1.0,
        "f1": 1.0
    },
    "train_003": {
        "precision": 1.0,
        "recall": 0.6875,
        "f1": 0.8148148148148148
    },
    "train_005": {
        "precision": 0.8571428571428571,
        "recall": 0.7692307692307693,
        "f1": 0.8108108108108107
    },
    "train_004": {
        "precision": 0.9166666666666666,
        "recall": 0.65,
        "f1": 0.7606382978723404
    },
    "train_002": {
        "precision": 1.0,
        "recall": 0.5483870967741935,
        "f1": 0.7083333333333333
    },
    "train_007": {
        "precision": 0.9090909090909091,
        "recall": 0.7647058823529411,
        "f1": 0.8306709265175718
    },
    "train_008": {
        "precision": 1.0,
        "recall": 0.6363636363636364,
        "f1": 0.7777777777777778
    },
    "train_009": {
        "precision": 0.9583333333333334,
        "recall": 0.5609756097560976,
        "f1": 0.7076923076923077
    },
    "train_006": {
        "precision": 1.0,
        "recall": 0.38461538461538464,
        "f1": 0.5555555555555556
    },
    "train_012": {
        "precision": 0.95,
        "recall": 0.6666666666666666,
        "f1": 0.7835051546391752
    },
    "train_013": {
        "precision": 1.0,
        "recall": 0.8,
        "f1": 0.888888888888889
    },
    "train_014": {
        "precision": 0.9310344827586207,
        "recall": 0.676056338028169,
        "f1": 0.7833182230281052
    },
    "train_010": {
        "precision": 1.0,
        "recall": 0.4444444444444444,
        "f1": 0.6153846153846153
    },
    "train_011": {
        "precision": 1.0,
        "recall": 0.9047619047619048,
        "f1": 0.9500000000000001
    },
    "train_015": {
        "precision": 1.0,
        "recall": 0.23076923076923078,
        "f1": 0.375
    },
    "train_016": {
        "precision": 1.0,
        "recall": 0.3333333333333333,
        "f1": 0.5
    },
    "train_017": {
        "precision": 1.0,
        "recall": 0.65,
        "f1": 0.787878787878788
    },
    "train_019": {
        "precision": 1.0,
        "recall": 0.6666666666666666,
        "f1": 0.8
    },
    "train_018": {
        "precision": 0.75,
        "recall": 0.6666666666666666,
        "f1": 0.7058823529411765
    },
    "train_020": {
        "precision": 0.8095238095238095,
        "recall": 0.7142857142857143,
        "f1": 0.7589285714285714
    },
    "train_021": {
        "precision": 1.0,
        "recall": 0.6363636363636364,
        "f1": 0.7777777777777778
    },
    "train_022": {
        "precision": 0.9285714285714286,
        "recall": 0.7837837837837838,
        "f1": 0.8500563697857948
    },
    "train_023": {
        "precision": 0.6,
        "recall": 0.5,
        "f1": 0.5454545454545454
    },
    "train_024": {
        "precision": 1.0,
        "recall": 0.8125,
        "f1": 0.896551724137931
    },
    "train_025": {
        "precision": 1.0,
        "recall": 0.65,
        "f1": 0.787878787878788
    },
    "train_026": {
        "precision": 1.0,
        "recall": 0.6666666666666666,
        "f1": 0.8
    },
    "train_027": {
        "precision": 0.8888888888888888,
        "recall": 0.2777777777777778,
        "f1": 0.4232804232804233
    },
    "train_028": {
        "precision": 1.0,
        "recall": 0.7857142857142857,
        "f1": 0.88
    },
    "train_029": {
        "precision": 1.0,
        "recall": 0.8666666666666667,
        "f1": 0.9285714285714286
    },
    "train_030": {
        "precision": 1.0,
        "recall": 0.5769230769230769,
        "f1": 0.7317073170731707
    },
    "train_033": {
        "precision": 0.9361702127659575,
        "recall": 0.55,
        "f1": 0.6929133858267718
    },
    "train_034": {
        "precision": 1.0,
        "recall": 0.4642857142857143,
        "f1": 0.6341463414634146
    },
    "train_031": {
        "precision": 0.8888888888888888,
        "recall": 0.6296296296296297,
        "f1": 0.7371273712737128
    },
    "train_032": {
        "precision": 1.0,
        "recall": 0.8181818181818182,
        "f1": 0.9
    },
    "train_035": {
        "precision": 1.0,
        "recall": 0.55,
        "f1": 0.7096774193548387
    },
    "train_036": {
        "precision": 0.94,
        "recall": 0.5454545454545454,
        "f1": 0.6903304773561811
    },
    "train_037": {
        "precision": 0.875,
        "recall": 0.6666666666666666,
        "f1": 0.7567567567567567
    },
    "train_038": {
        "precision": 1.0,
        "recall": 0.6176470588235294,
        "f1": 0.7636363636363637
    },
    "train_039": {
        "precision": 0.975609756097561,
        "recall": 0.5263157894736842,
        "f1": 0.6837606837606838
    },
    "train_040": {
        "precision": 1.0,
        "recall": 0.9090909090909091,
        "f1": 0.9523809523809523
    },
    "train_041": {
        "precision": 1.0,
        "recall": 0.6666666666666666,
        "f1": 0.8
    },
    "train_042": {
        "precision": 1.0,
        "recall": 0.7222222222222222,
        "f1": 0.8387096774193548
    },
    "train_043": {
        "precision": 1.0,
        "recall": 0.7727272727272727,
        "f1": 0.8717948717948718
    },
    "train_044": {
        "precision": 1.0,
        "recall": 0.7,
        "f1": 0.8235294117647058
    },
    "train_045": {
        "precision": 0.9,
        "recall": 0.56,
        "f1": 0.6904109589041098
    },
    "train_046": {
        "precision": 0.9230769230769231,
        "recall": 0.6153846153846154,
        "f1": 0.7384615384615384
    },
    "train_047": {
        "precision": 0.8,
        "recall": 0.6666666666666666,
        "f1": 0.7272727272727272
    },
    "train_048": {
        "precision": 1.0,
        "recall": 1.0,
        "f1": 1.0
    },
    "train_049": {
        "precision": 1.0,
        "recall": 1.0,
        "f1": 1.0
    },
    "train_050": {
        "precision": 1.0,
        "recall": 1.0,
        "f1": 1.0
    },
    "train_051": {
        "precision": 0.7142857142857143,
        "recall": 0.9411764705882353,
        "f1": 0.8121827411167514
    },
    "train_052": {
        "precision": 1.0,
        "recall": 0.23809523809523808,
        "f1": 0.3846153846153846
    },
    "average": {
        "precision": 0.9510054590594531,
        "recall": 0.6629237792801755,
        "f1": 0.764308958763131,
        "num_samples": {
            "precision": 52,
            "recall": 52,
            "f1": 52
        }
    }
}