{
    "train_001": {
        "precision": 0.625,
        "recall": 1.0,
        "f1": 0.7692307692307693
    },
    "train_003": {
        "precision": 0.631578947368421,
        "recall": 0.75,
        "f1": 0.6857142857142857
    },
    "train_005": {
        "precision": 0.6111111111111112,
        "recall": 0.9230769230769231,
        "f1": 0.7353760445682452
    },
    "train_004": {
        "precision": 0.6875,
        "recall": 0.9,
        "f1": 0.7795275590551182
    },
    "train_002": {
        "precision": 0.7142857142857143,
        "recall": 0.9354838709677419,
        "f1": 0.8100558659217877
    },
    "train_007": {
        "precision": 0.9,
        "recall": 0.5882352941176471,
        "f1": 0.7114624505928854
    },
    "train_008": {
        "precision": 0.9019607843137255,
        "recall": 0.8181818181818182,
        "f1": 0.8580310880829016
    },
    "train_009": {
        "precision": 0.75,
        "recall": 0.8780487804878049,
        "f1": 0.8089887640449439
    },
    "train_006": {
        "precision": 0.875,
        "recall": 0.7692307692307693,
        "f1": 0.8187134502923977
    },
    "train_012": {
        "precision": 0.8666666666666667,
        "recall": 0.6666666666666666,
        "f1": 0.7536231884057971
    },
    "train_013": {
        "precision": 0.9545454545454546,
        "recall": 0.8,
        "f1": 0.8704663212435233
    },
    "train_014": {
        "precision": 0.7169811320754716,
        "recall": 0.8732394366197183,
        "f1": 0.7874331550802137
    },
    "train_010": {
        "precision": 1.0,
        "recall": 0.6111111111111112,
        "f1": 0.7586206896551725
    },
    "train_011": {
        "precision": 1.0,
        "recall": 0.9047619047619048,
        "f1": 0.9500000000000001
    },
    "train_015": {
        "precision": 0.9166666666666666,
        "recall": 0.5769230769230769,
        "f1": 0.7081545064377681
    },
    "train_016": {
        "precision": 1.0,
        "recall": 0.8666666666666667,
        "f1": 0.9285714285714286
    },
    "train_017": {
        "precision": 1.0,
        "recall": 1.0,
        "f1": 1.0
    },
    "train_019": {
        "precision": 1.0,
        "recall": 1.0,
        "f1": 1.0
    },
    "train_018": {
        "precision": 0.45454545454545453,
        "recall": 0.8333333333333334,
        "f1": 0.5882352941176471
    },
    "train_020": {
        "precision": 0.78,
        "recall": 0.7142857142857143,
        "f1": 0.745697896749522
    },
    "train_021": {
        "precision": 1.0,
        "recall": 1.0,
        "f1": 1.0
    },
    "train_022": {
        "precision": 1.0,
        "recall": 0.8378378378378378,
        "f1": 0.911764705882353
    },
    "train_023": {
        "precision": 0.5,
        "recall": 0.5,
        "f1": 0.5
    },
    "train_024": {
        "precision": 0.9,
        "recall": 0.9375,
        "f1": 0.9183673469387755
    },
    "train_025": {
        "precision": 1.0,
        "recall": 0.8,
        "f1": 0.888888888888889
    },
    "train_026": {
        "precision": 0.9166666666666666,
        "recall": 0.8333333333333334,
        "f1": 0.8730158730158729
    },
    "train_027": {
        "precision": 0.6666666666666666,
        "recall": 0.8333333333333334,
        "f1": 0.7407407407407408
    },
    "train_028": {
        "precision": 0.8888888888888888,
        "recall": 0.8571428571428571,
        "f1": 0.8727272727272727
    },
    "train_029": {
        "precision": 1.0,
        "recall": 0.8,
        "f1": 0.888888888888889
    },
    "train_030": {
        "precision": 0.9375,
        "recall": 0.9230769230769231,
        "f1": 0.9302325581395349
    },
    "train_033": {
        "precision": 0.7045454545454546,
        "recall": 1.0,
        "f1": 0.8266666666666667
    },
    "train_034": {
        "precision": 1.0,
        "recall": 1.0,
        "f1": 1.0
    },
    "train_031": {
        "precision": 1.0,
        "recall": 0.8148148148148148,
        "f1": 0.8979591836734693
    },
    "train_032": {
        "precision": 1.0,
        "recall": 0.9090909090909091,
        "f1": 0.9523809523809523
    },
    "train_035": {
        "precision": 0.7804878048780488,
        "recall": 0.9,
        "f1": 0.8359941944847605
    },
    "train_036": {
        "precision": 0.9523809523809523,
        "recall": 0.9090909090909091,
        "f1": 0.9302325581395349
    },
    "train_037": {
        "precision": 0.8461538461538461,
        "recall": 0.8333333333333334,
        "f1": 0.8396946564885497
    },
    "train_038": {
        "precision": 0.8888888888888888,
        "recall": 0.7058823529411765,
        "f1": 0.7868852459016393
    },
    "train_039": {
        "precision": 0.9166666666666666,
        "recall": 0.8245614035087719,
        "f1": 0.8681780016792611
    },
    "train_040": {
        "precision": 1.0,
        "recall": 0.9090909090909091,
        "f1": 0.9523809523809523
    },
    "train_041": {
        "precision": 0.75,
        "recall": 0.75,
        "f1": 0.75
    },
    "train_042": {
        "precision": 0.75,
        "recall": 0.9444444444444444,
        "f1": 0.8360655737704917
    },
    "train_043": {
        "precision": 0.5416666666666666,
        "recall": 0.7727272727272727,
        "f1": 0.6368876080691642
    },
    "train_044": {
        "precision": 1.0,
        "recall": 1.0,
        "f1": 1.0
    },
    "train_045": {
        "precision": 0.95,
        "recall": 0.92,
        "f1": 0.93475935828877
    },
    "train_046": {
        "precision": 0.8461538461538461,
        "recall": 0.7307692307692307,
        "f1": 0.7842401500938085
    },
    "train_047": {
        "precision": 0.7619047619047619,
        "recall": 0.9444444444444444,
        "f1": 0.8434108527131783
    },
    "train_048": {
        "precision": 0.7777777777777778,
        "recall": 1.0,
        "f1": 0.8750000000000001
    },
    "train_049": {
        "precision": 0.8727272727272727,
        "recall": 1.0,
        "f1": 0.9320388349514563
    },
    "train_050": {
        "precision": 0.8,
        "recall": 0.9,
        "f1": 0.8470588235294118
    },
    "train_051": {
        "precision": 0.6,
        "recall": 0.8235294117647058,
        "f1": 0.6942148760330579
    },
    "train_052": {
        "precision": 1.0,
        "recall": 0.8571428571428571,
        "f1": 0.923076923076923
    },
    "average": {
        "precision": 0.8449022710104825,
        "recall": 0.8496229220061339,
        "f1": 0.8373010470251689,
        "num_samples": {
            "precision": 52,
            "recall": 52,
            "f1": 52
        }
    }
}