{
    "train_001": {
        "precision": 0.875,
        "recall": 0.8571428571428571,
        "f1": 0.8659793814432989
    },
    "train_003": {
        "precision": 1.0,
        "recall": 0.5625,
        "f1": 0.72
    },
    "train_005": {
        "precision": 0.8333333333333334,
        "recall": 0.9230769230769231,
        "f1": 0.8759124087591241
    },
    "train_004": {
        "precision": 0.8958333333333334,
        "recall": 0.55,
        "f1": 0.6815561959654179
    },
    "train_002": {
        "precision": 1.0,
        "recall": 0.5483870967741935,
        "f1": 0.7083333333333333
    },
    "train_007": {
        "precision": 1.0,
        "recall": 0.5882352941176471,
        "f1": 0.7407407407407407
    },
    "train_008": {
        "precision": 0.9428571428571428,
        "recall": 0.6363636363636364,
        "f1": 0.7598684210526315
    },
    "train_009": {
        "precision": 0.9642857142857143,
        "recall": 0.5365853658536586,
        "f1": 0.6894950667440511
    },
    "train_006": {
        "precision": 1.0,
        "recall": 0.3076923076923077,
        "f1": 0.47058823529411764
    },
    "train_012": {
        "precision": 0.8863636363636364,
        "recall": 0.6666666666666666,
        "f1": 0.7609756097560975
    },
    "train_013": {
        "precision": 1.0,
        "recall": 0.8,
        "f1": 0.888888888888889
    },
    "train_014": {
        "precision": 0.8301886792452831,
        "recall": 0.5070422535211268,
        "f1": 0.629570747217806
    },
    "train_010": {
        "precision": 1.0,
        "recall": 0.3333333333333333,
        "f1": 0.5
    },
    "train_011": {
        "precision": 1.0,
        "recall": 0.8095238095238095,
        "f1": 0.8947368421052632
    },
    "train_015": {
        "precision": 1.0,
        "recall": 0.4230769230769231,
        "f1": 0.5945945945945945
    },
    "train_016": {
        "precision": 1.0,
        "recall": 0.8,
        "f1": 0.888888888888889
    },
    "train_017": {
        "precision": 1.0,
        "recall": 0.8,
        "f1": 0.888888888888889
    },
    "train_019": {
        "precision": 1.0,
        "recall": 0.6666666666666666,
        "f1": 0.8
    },
    "train_018": {
        "precision": 0.5454545454545454,
        "recall": 0.8333333333333334,
        "f1": 0.6593406593406592
    },
    "train_020": {
        "precision": 0.8888888888888888,
        "recall": 0.7142857142857143,
        "f1": 0.792079207920792
    },
    "train_021": {
        "precision": 1.0,
        "recall": 0.5454545454545454,
        "f1": 0.7058823529411764
    },
    "train_022": {
        "precision": 1.0,
        "recall": 0.6756756756756757,
        "f1": 0.8064516129032258
    },
    "train_023": {
        "precision": 0.5,
        "recall": 0.5,
        "f1": 0.5
    },
    "train_024": {
        "precision": 1.0,
        "recall": 0.875,
        "f1": 0.9333333333333333
    },
    "train_025": {
        "precision": 1.0,
        "recall": 0.75,
        "f1": 0.8571428571428571
    },
    "train_026": {
        "precision": 1.0,
        "recall": 0.6666666666666666,
        "f1": 0.8
    },
    "train_027": {
        "precision": 0.8888888888888888,
        "recall": 0.3888888888888889,
        "f1": 0.5410628019323671
    },
    "train_028": {
        "precision": 0.8888888888888888,
        "recall": 0.7857142857142857,
        "f1": 0.8341232227488152
    },
    "train_029": {
        "precision": 1.0,
        "recall": 0.4666666666666667,
        "f1": 0.6363636363636364
    },
    "train_030": {
        "precision": 0.9375,
        "recall": 0.6923076923076923,
        "f1": 0.7964601769911505
    },
    "train_033": {
        "precision": 0.9318181818181818,
        "recall": 0.3,
        "f1": 0.45387453874538747
    },
    "train_034": {
        "precision": 1.0,
        "recall": 0.6428571428571429,
        "f1": 0.782608695652174
    },
    "train_031": {
        "precision": 1.0,
        "recall": 0.48148148148148145,
        "f1": 0.65
    },
    "train_032": {
        "precision": 1.0,
        "recall": 0.9090909090909091,
        "f1": 0.9523809523809523
    },
    "train_035": {
        "precision": 0.975609756097561,
        "recall": 0.6,
        "f1": 0.7430340557275541
    },
    "train_036": {
        "precision": 1.0,
        "recall": 0.5454545454545454,
        "f1": 0.7058823529411764
    },
    "train_037": {
        "precision": 1.0,
        "recall": 0.7083333333333334,
        "f1": 0.8292682926829268
    },
    "train_038": {
        "precision": 0.9772727272727273,
        "recall": 0.7352941176470589,
        "f1": 0.8391881342701015
    },
    "train_039": {
        "precision": 0.9166666666666666,
        "recall": 0.42105263157894735,
        "f1": 0.5770491803278689
    },
    "train_040": {
        "precision": 1.0,
        "recall": 0.9090909090909091,
        "f1": 0.9523809523809523
    },
    "train_041": {
        "precision": 0.9166666666666666,
        "recall": 0.9166666666666666,
        "f1": 0.9166666666666666
    },
    "train_042": {
        "precision": 1.0,
        "recall": 0.5555555555555556,
        "f1": 0.7142857142857143
    },
    "train_043": {
        "precision": 0.7954545454545454,
        "recall": 0.7272727272727273,
        "f1": 0.7598371777476255
    },
    "train_044": {
        "precision": 1.0,
        "recall": 0.8,
        "f1": 0.888888888888889
    },
    "train_045": {
        "precision": 1.0,
        "recall": 0.6,
        "f1": 0.7499999999999999
    },
    "train_046": {
        "precision": 0.9230769230769231,
        "recall": 0.5769230769230769,
        "f1": 0.7100591715976331
    },
    "train_047": {
        "precision": 0.8333333333333334,
        "recall": 0.6111111111111112,
        "f1": 0.7051282051282051
    },
    "train_048": {
        "precision": 0.8888888888888888,
        "recall": 1.0,
        "f1": 0.9411764705882353
    },
    "train_049": {
        "precision": 0.9636363636363636,
        "recall": 1.0,
        "f1": 0.9814814814814815
    },
    "train_050": {
        "precision": 0.8,
        "recall": 0.7,
        "f1": 0.7466666666666666
    },
    "train_051": {
        "precision": 0.6,
        "recall": 0.6470588235294118,
        "f1": 0.6226415094339622
    },
    "train_052": {
        "precision": 1.0,
        "recall": 0.8095238095238095,
        "f1": 0.8947368421052632
    },
    "average": {
        "precision": 0.9307674443163753,
        "recall": 0.6616741046907675,
        "f1": 0.7565095010575114,
        "num_samples": {
            "precision": 52,
            "recall": 52,
            "f1": 52
        }
    }
}