{
    "Launch_and_commissioning_of_the_James_Webb_Space_Telescope": {
        "precision": 0.9722222222222222,
        "recall": 0.6818181818181818,
        "f1": 0.8015267175572519
    },
    "2018_lower_Puna_eruption": {
        "precision": 0.9696969696969697,
        "recall": 0.975,
        "f1": 0.9723412543825476
    },
    "Notre-Dame_fire": {
        "precision": 0.875,
        "recall": 1.0,
        "f1": 0.9333333333333333
    },
    "2022_United_States_Senate_election_in_Georgia": {
        "precision": 0.9565217391304348,
        "recall": 0.8378378378378378,
        "f1": 0.8932547478716436
    },
    "Hurricane_Irma": {
        "precision": 0.9,
        "recall": 0.9122807017543859,
        "f1": 0.9060987415295256
    },
    "2018_Anchorage_earthquake": {
        "precision": 0.8833333333333333,
        "recall": 1.0,
        "f1": 0.9380530973451328
    },
    "2025_Canadian_federal_election": {
        "precision": 0.9298245614035088,
        "recall": 0.4722222222222222,
        "f1": 0.6263468891206118
    },
    "2025_Myanmar_earthquake": {
        "precision": 1.0,
        "recall": 0.5333333333333333,
        "f1": 0.6956521739130436
    },
    "Blue_Ghost_Mission_1": {
        "precision": 0.9230769230769231,
        "recall": 0.6785714285714286,
        "f1": 0.7821612349914238
    },
    "Liberation_Day_Tariffs": {
        "precision": 0.7258064516129032,
        "recall": 0.7692307692307693,
        "f1": 0.7468879668049793
    }
}