{
    "Launch_and_commissioning_of_the_James_Webb_Space_Telescope": {
        "precision": 0.8055555555555556,
        "recall": 0.7272727272727273,
        "f1": 0.7644151565074134
    },
    "2018_lower_Puna_eruption": {
        "precision": 0.9090909090909091,
        "recall": 0.95,
        "f1": 0.9290953545232273
    },
    "Notre-Dame_fire": {
        "precision": 0.75,
        "recall": 1.0,
        "f1": 0.8571428571428571
    },
    "2022_United_States_Senate_election_in_Georgia": {
        "precision": 0.6956521739130435,
        "recall": 0.8918918918918919,
        "f1": 0.7816432272390822
    },
    "Hurricane_Irma": {
        "precision": 0.9333333333333333,
        "recall": 0.9298245614035088,
        "f1": 0.9315756434400502
    },
    "2018_Anchorage_earthquake": {
        "precision": 0.4166666666666667,
        "recall": 0.4375,
        "f1": 0.4268292682926829
    },
    "2025_Canadian_federal_election": {
        "precision": 0.2631578947368421,
        "recall": 0.4444444444444444,
        "f1": 0.3305785123966942
    },
    "2025_Myanmar_earthquake": {
        "precision": 0.625,
        "recall": 0.4,
        "f1": 0.48780487804878053
    },
    "Blue_Ghost_Mission_1": {
        "precision": 0.8846153846153846,
        "recall": 0.7142857142857143,
        "f1": 0.7903780068728522
    },
    "Liberation_Day_Tariffs": {
        "precision": 0.7580645161290323,
        "recall": 0.8205128205128205,
        "f1": 0.7880534451139638
    }
}