{
    "Launch_and_commissioning_of_the_James_Webb_Space_Telescope": {
        "precision": 0.9642857142857143,
        "recall": 0.9545454545454546,
        "f1": 0.9593908629441624
    },
    "2018_lower_Puna_eruption": {
        "precision": 0.9705882352941176,
        "recall": 0.975,
        "f1": 0.9727891156462585
    },
    "Notre-Dame_fire": {
        "precision": 0.9512195121951219,
        "recall": 0.9615384615384616,
        "f1": 0.9563511525257479
    },
    "2022_United_States_Senate_election_in_Georgia": {
        "precision": 0.8695652173913043,
        "recall": 0.918918918918919,
        "f1": 0.8935611038107754
    },
    "Hurricane_Irma": {
        "precision": 0.9736842105263158,
        "recall": 0.8947368421052632,
        "f1": 0.9325426241660489
    },
    "2018_Anchorage_earthquake": {
        "precision": 0.8571428571428571,
        "recall": 0.875,
        "f1": 0.8659793814432989
    },
    "2025_Canadian_federal_election": {
        "precision": 0.8,
        "recall": 0.3888888888888889,
        "f1": 0.5233644859813085
    },
    "2025_Myanmar_earthquake": {
        "precision": 0.9696969696969697,
        "recall": 0.6666666666666666,
        "f1": 0.7901234567901234
    },
    "Blue_Ghost_Mission_1": {
        "precision": 0.7931034482758621,
        "recall": 0.8214285714285714,
        "f1": 0.8070175438596492
    },
    "Liberation_Day_Tariffs": {
        "precision": 0.9710144927536232,
        "recall": 0.8205128205128205,
        "f1": 0.8894420244762496
    }
}