{
    "Launch_and_commissioning_of_the_James_Webb_Space_Telescope": {
        "precision": 0.9722222222222222,
        "recall": 0.9545454545454546,
        "f1": 0.963302752293578
    },
    "2018_lower_Puna_eruption": {
        "precision": 1.0,
        "recall": 0.95,
        "f1": 0.9743589743589743
    },
    "Notre-Dame_fire": {
        "precision": 0.9583333333333334,
        "recall": 1.0,
        "f1": 0.9787234042553191
    },
    "2022_United_States_Senate_election_in_Georgia": {
        "precision": 0.9565217391304348,
        "recall": 0.918918918918919,
        "f1": 0.9373433583959899
    },
    "Hurricane_Irma": {
        "precision": 0.9666666666666667,
        "recall": 0.9298245614035088,
        "f1": 0.9478877582485354
    },
    "2018_Anchorage_earthquake": {
        "precision": 0.9166666666666666,
        "recall": 0.8125,
        "f1": 0.8614457831325302
    },
    "2025_Canadian_federal_election": {
        "precision": 0.9824561403508771,
        "recall": 0.7777777777777778,
        "f1": 0.8682170542635659
    },
    "2025_Myanmar_earthquake": {
        "precision": 0.625,
        "recall": 0.7333333333333333,
        "f1": 0.6748466257668712
    },
    "Blue_Ghost_Mission_1": {
        "precision": 0.8076923076923077,
        "recall": 0.8928571428571429,
        "f1": 0.8481421647819063
    },
    "Liberation_Day_Tariffs": {
        "precision": 0.7419354838709677,
        "recall": 0.9230769230769231,
        "f1": 0.8226527570789866
    }
}