{
    "1": {
        "precision": 0.92,
        "recall": 0.35294117647058826,
        "f1": 0.5101663585951942
    },
    "2": {
        "precision": 0.9545454545454546,
        "recall": 0.2727272727272727,
        "f1": 0.4242424242424242
    },
    "3": {
        "precision": 1.0,
        "recall": 0.16666666666666666,
        "f1": 0.2857142857142857
    },
    "4": {
        "precision": 0.9090909090909091,
        "recall": 0.42857142857142855,
        "f1": 0.5825242718446602
    },
    "5": {
        "precision": 0.7848101265822784,
        "recall": 0.8636363636363636,
        "f1": 0.8223385689354277
    },
    "6": {
        "precision": 0.8354430379746836,
        "recall": 0.6666666666666666,
        "f1": 0.7415730337078652
    },
    "7": {
        "precision": 0.7741935483870968,
        "recall": 0.42857142857142855,
        "f1": 0.5517241379310344
    },
    "8": {
        "precision": 0.8651685393258427,
        "recall": 0.36363636363636365,
        "f1": 0.512053200332502
    },
    "average": {
        "precision": 0.8804064519882832,
        "recall": 0.4429271708683473,
        "f1": 0.5537920351629242,
        "num_samples": {
            "precision": 8,
            "recall": 8,
            "f1": 8
        }
    }
}