{
    "1": {
        "precision": 0.68,
        "recall": 0.7647058823529411,
        "f1": 0.7198697068403909
    },
    "2": {
        "precision": 0.8181818181818182,
        "recall": 0.5757575757575758,
        "f1": 0.6758893280632411
    },
    "3": {
        "precision": 0.6,
        "recall": 0.5,
        "f1": 0.5454545454545454
    },
    "4": {
        "precision": 0.6818181818181818,
        "recall": 0.42857142857142855,
        "f1": 0.5263157894736843
    },
    "5": {
        "precision": 0.6125,
        "recall": 0.9090909090909091,
        "f1": 0.7318894697535475
    },
    "6": {
        "precision": 0.7375,
        "recall": 0.8888888888888888,
        "f1": 0.8061485909479078
    },
    "7": {
        "precision": 0.7741935483870968,
        "recall": 0.8571428571428571,
        "f1": 0.8135593220338982
    },
    "8": {
        "precision": 0.7528089887640449,
        "recall": 0.8484848484848485,
        "f1": 0.7977886455453965
    },
    "average": {
        "precision": 0.7071253171438927,
        "recall": 0.7215802987861811,
        "f1": 0.7021144247640765,
        "num_samples": {
            "precision": 8,
            "recall": 8,
            "f1": 8
        }
    }
}