{
    "train_001": {
        "precision": 0.6666666666666666,
        "recall": 1.0,
        "f1": 0.8
    },
    "train_003": {
        "precision": 0.6842105263157895,
        "recall": 0.75,
        "f1": 0.7155963302752295
    },
    "train_005": {
        "precision": 0.5789473684210527,
        "recall": 0.9230769230769231,
        "f1": 0.711590296495957
    },
    "train_004": {
        "precision": 0.7083333333333334,
        "recall": 0.925,
        "f1": 0.802295918367347
    },
    "train_002": {
        "precision": 0.8823529411764706,
        "recall": 1.0,
        "f1": 0.9375
    },
    "train_007": {
        "precision": 1.0,
        "recall": 0.7647058823529411,
        "f1": 0.8666666666666666
    },
    "train_008": {
        "precision": 1.0,
        "recall": 0.8181818181818182,
        "f1": 0.9
    },
    "train_009": {
        "precision": 0.68,
        "recall": 0.9024390243902439,
        "f1": 0.7755856966707769
    },
    "train_006": {
        "precision": 0.7777777777777778,
        "recall": 0.8076923076923077,
        "f1": 0.7924528301886792
    },
    "train_012": {
        "precision": 0.9555555555555556,
        "recall": 0.8333333333333334,
        "f1": 0.8902691511387164
    },
    "train_013": {
        "precision": 0.9230769230769231,
        "recall": 0.8,
        "f1": 0.8571428571428571
    },
    "train_014": {
        "precision": 0.9411764705882353,
        "recall": 0.8873239436619719,
        "f1": 0.9134571816946082
    },
    "train_010": {
        "precision": 0.9,
        "recall": 0.7777777777777778,
        "f1": 0.8344370860927153
    },
    "train_011": {
        "precision": 1.0,
        "recall": 0.9047619047619048,
        "f1": 0.9500000000000001
    },
    "train_015": {
        "precision": 0.8,
        "recall": 0.5384615384615384,
        "f1": 0.6436781609195402
    },
    "train_016": {
        "precision": 1.0,
        "recall": 0.8666666666666667,
        "f1": 0.9285714285714286
    },
    "train_017": {
        "precision": 1.0,
        "recall": 1.0,
        "f1": 1.0
    },
    "train_019": {
        "precision": 1.0,
        "recall": 1.0,
        "f1": 1.0
    },
    "train_018": {
        "precision": 0.38461538461538464,
        "recall": 0.6666666666666666,
        "f1": 0.4878048780487804
    },
    "train_020": {
        "precision": 0.7692307692307693,
        "recall": 0.8571428571428571,
        "f1": 0.8108108108108107
    },
    "train_021": {
        "precision": 0.8571428571428571,
        "recall": 1.0,
        "f1": 0.923076923076923
    },
    "train_022": {
        "precision": 0.9,
        "recall": 0.8378378378378378,
        "f1": 0.8678071539657853
    },
    "train_023": {
        "precision": 0.5,
        "recall": 0.75,
        "f1": 0.6
    },
    "train_024": {
        "precision": 0.9,
        "recall": 0.9375,
        "f1": 0.9183673469387755
    },
    "train_025": {
        "precision": 0.7777777777777778,
        "recall": 0.75,
        "f1": 0.7636363636363638
    },
    "train_026": {
        "precision": 0.75,
        "recall": 0.6666666666666666,
        "f1": 0.7058823529411765
    },
    "train_027": {
        "precision": 0.8,
        "recall": 0.8888888888888888,
        "f1": 0.8421052631578948
    },
    "train_028": {
        "precision": 0.875,
        "recall": 0.8571428571428571,
        "f1": 0.8659793814432989
    },
    "train_029": {
        "precision": 0.9166666666666666,
        "recall": 0.8666666666666667,
        "f1": 0.8909657320872274
    },
    "train_030": {
        "precision": 0.8666666666666667,
        "recall": 0.9615384615384616,
        "f1": 0.91164095371669
    },
    "train_033": {
        "precision": 0.56,
        "recall": 1.0,
        "f1": 0.717948717948718
    },
    "train_034": {
        "precision": 1.0,
        "recall": 0.9642857142857143,
        "f1": 0.9818181818181818
    },
    "train_031": {
        "precision": 1.0,
        "recall": 0.9629629629629629,
        "f1": 0.9811320754716981
    },
    "train_032": {
        "precision": 1.0,
        "recall": 1.0,
        "f1": 1.0
    },
    "train_035": {
        "precision": 0.8,
        "recall": 0.95,
        "f1": 0.8685714285714285
    },
    "train_036": {
        "precision": 0.9166666666666666,
        "recall": 0.9090909090909091,
        "f1": 0.9128630705394191
    },
    "train_037": {
        "precision": 0.9230769230769231,
        "recall": 0.8333333333333334,
        "f1": 0.8759124087591241
    },
    "train_038": {
        "precision": 0.9512195121951219,
        "recall": 0.7352941176470589,
        "f1": 0.829434283283709
    },
    "train_039": {
        "precision": 0.7441860465116279,
        "recall": 0.8245614035087719,
        "f1": 0.7823146944083226
    },
    "train_040": {
        "precision": 0.8571428571428571,
        "recall": 0.8181818181818182,
        "f1": 0.8372093023255814
    },
    "train_041": {
        "precision": 0.8,
        "recall": 1.0,
        "f1": 0.888888888888889
    },
    "train_042": {
        "precision": 0.6363636363636364,
        "recall": 0.9444444444444444,
        "f1": 0.7603833865814696
    },
    "train_043": {
        "precision": 0.5909090909090909,
        "recall": 0.9090909090909091,
        "f1": 0.7162534435261708
    },
    "train_044": {
        "precision": 1.0,
        "recall": 1.0,
        "f1": 1.0
    },
    "train_045": {
        "precision": 1.0,
        "recall": 0.8,
        "f1": 0.888888888888889
    },
    "train_046": {
        "precision": 1.0,
        "recall": 0.7307692307692307,
        "f1": 0.8444444444444443
    },
    "train_047": {
        "precision": 0.7948717948717948,
        "recall": 0.8333333333333334,
        "f1": 0.8136482939632546
    },
    "train_048": {
        "precision": 1.0,
        "recall": 1.0,
        "f1": 1.0
    },
    "train_049": {
        "precision": 1.0,
        "recall": 0.9090909090909091,
        "f1": 0.9523809523809523
    },
    "train_050": {
        "precision": 0.875,
        "recall": 0.9,
        "f1": 0.8873239436619719
    },
    "train_051": {
        "precision": 0.7777777777777778,
        "recall": 0.7058823529411765,
        "f1": 0.7400881057268723
    },
    "train_052": {
        "precision": 0.75,
        "recall": 0.8571428571428571,
        "f1": 0.7999999999999999
    },
    "average": {
        "precision": 0.8417771536639889,
        "recall": 0.8678256984371492,
        "f1": 0.8459004860622567,
        "num_samples": {
            "precision": 52,
            "recall": 52,
            "f1": 52
        }
    }
}