{
    "train_001": {
        "precision": 1.0,
        "recall": 0.8571428571428571,
        "f1": 0.923076923076923
    },
    "train_003": {
        "precision": 0.5789473684210527,
        "recall": 0.6875,
        "f1": 0.6285714285714286
    },
    "train_005": {
        "precision": 0.8947368421052632,
        "recall": 0.8461538461538461,
        "f1": 0.8697674418604652
    },
    "train_004": {
        "precision": 0.9791666666666666,
        "recall": 0.575,
        "f1": 0.7245308310991957
    },
    "train_002": {
        "precision": 0.9411764705882353,
        "recall": 0.6774193548387096,
        "f1": 0.7878077373974208
    },
    "train_007": {
        "precision": 1.0,
        "recall": 0.7058823529411765,
        "f1": 0.8275862068965517
    },
    "train_008": {
        "precision": 1.0,
        "recall": 0.5454545454545454,
        "f1": 0.7058823529411764
    },
    "train_009": {
        "precision": 0.88,
        "recall": 0.5853658536585366,
        "f1": 0.7030625832223703
    },
    "train_006": {
        "precision": 0.8888888888888888,
        "recall": 0.38461538461538464,
        "f1": 0.5369127516778524
    },
    "train_012": {
        "precision": 0.9777777777777777,
        "recall": 0.6666666666666666,
        "f1": 0.7927927927927928
    },
    "train_013": {
        "precision": 1.0,
        "recall": 0.8,
        "f1": 0.888888888888889
    },
    "train_014": {
        "precision": 1.0,
        "recall": 0.49295774647887325,
        "f1": 0.660377358490566
    },
    "train_010": {
        "precision": 0.9,
        "recall": 0.2777777777777778,
        "f1": 0.4245283018867924
    },
    "train_011": {
        "precision": 1.0,
        "recall": 0.8095238095238095,
        "f1": 0.8947368421052632
    },
    "train_015": {
        "precision": 0.9333333333333333,
        "recall": 0.2692307692307692,
        "f1": 0.417910447761194
    },
    "train_016": {
        "precision": 1.0,
        "recall": 0.8,
        "f1": 0.888888888888889
    },
    "train_017": {
        "precision": 1.0,
        "recall": 0.7,
        "f1": 0.8235294117647058
    },
    "train_019": {
        "precision": 1.0,
        "recall": 1.0,
        "f1": 1.0
    },
    "train_018": {
        "precision": 0.6153846153846154,
        "recall": 0.6666666666666666,
        "f1": 0.64
    },
    "train_020": {
        "precision": 0.9230769230769231,
        "recall": 0.7142857142857143,
        "f1": 0.8053691275167787
    },
    "train_021": {
        "precision": 1.0,
        "recall": 0.7272727272727273,
        "f1": 0.8421052631578948
    },
    "train_022": {
        "precision": 0.8958333333333334,
        "recall": 0.7837837837837838,
        "f1": 0.8360710693932283
    },
    "train_023": {
        "precision": 0.8333333333333334,
        "recall": 0.75,
        "f1": 0.7894736842105262
    },
    "train_024": {
        "precision": 1.0,
        "recall": 0.875,
        "f1": 0.9333333333333333
    },
    "train_025": {
        "precision": 0.8888888888888888,
        "recall": 0.7,
        "f1": 0.7832167832167831
    },
    "train_026": {
        "precision": 0.9166666666666666,
        "recall": 0.5,
        "f1": 0.6470588235294118
    },
    "train_027": {
        "precision": 0.8,
        "recall": 0.2222222222222222,
        "f1": 0.3478260869565218
    },
    "train_028": {
        "precision": 0.875,
        "recall": 0.7857142857142857,
        "f1": 0.8279569892473119
    },
    "train_029": {
        "precision": 0.9166666666666666,
        "recall": 0.8666666666666667,
        "f1": 0.8909657320872274
    },
    "train_030": {
        "precision": 0.9333333333333333,
        "recall": 0.6538461538461539,
        "f1": 0.7689822294022617
    },
    "train_033": {
        "precision": 0.94,
        "recall": 0.45,
        "f1": 0.6086330935251799
    },
    "train_034": {
        "precision": 1.0,
        "recall": 0.4642857142857143,
        "f1": 0.6341463414634146
    },
    "train_031": {
        "precision": 0.875,
        "recall": 0.4444444444444444,
        "f1": 0.5894736842105263
    },
    "train_032": {
        "precision": 1.0,
        "recall": 0.6363636363636364,
        "f1": 0.7777777777777778
    },
    "train_035": {
        "precision": 0.9743589743589743,
        "recall": 0.45,
        "f1": 0.6156615661566156
    },
    "train_036": {
        "precision": 1.0,
        "recall": 0.6363636363636364,
        "f1": 0.7777777777777778
    },
    "train_037": {
        "precision": 1.0,
        "recall": 0.7083333333333334,
        "f1": 0.8292682926829268
    },
    "train_038": {
        "precision": 1.0,
        "recall": 0.6764705882352942,
        "f1": 0.8070175438596492
    },
    "train_039": {
        "precision": 0.9534883720930233,
        "recall": 0.43859649122807015,
        "f1": 0.6008206330597889
    },
    "train_040": {
        "precision": 1.0,
        "recall": 0.7272727272727273,
        "f1": 0.8421052631578948
    },
    "train_041": {
        "precision": 0.9,
        "recall": 0.9166666666666666,
        "f1": 0.908256880733945
    },
    "train_042": {
        "precision": 0.7272727272727273,
        "recall": 0.3888888888888889,
        "f1": 0.5067873303167421
    },
    "train_043": {
        "precision": 0.8292682926829268,
        "recall": 0.7272727272727273,
        "f1": 0.774928774928775
    },
    "train_044": {
        "precision": 1.0,
        "recall": 0.8,
        "f1": 0.888888888888889
    },
    "train_045": {
        "precision": 1.0,
        "recall": 0.48,
        "f1": 0.6486486486486487
    },
    "train_046": {
        "precision": 1.0,
        "recall": 0.5,
        "f1": 0.6666666666666666
    },
    "train_047": {
        "precision": 0.8205128205128205,
        "recall": 0.5555555555555556,
        "f1": 0.6625258799171843
    },
    "train_048": {
        "precision": 1.0,
        "recall": 1.0,
        "f1": 1.0
    },
    "train_049": {
        "precision": 1.0,
        "recall": 0.9090909090909091,
        "f1": 0.9523809523809523
    },
    "train_050": {
        "precision": 0.875,
        "recall": 0.9,
        "f1": 0.8873239436619719
    },
    "train_051": {
        "precision": 0.7777777777777778,
        "recall": 0.5294117647058824,
        "f1": 0.63
    },
    "train_052": {
        "precision": 1.0,
        "recall": 0.7619047619047619,
        "f1": 0.8648648648648648
    },
    "average": {
        "precision": 0.9277863475608312,
        "recall": 0.6543667505875658,
        "f1": 0.751637790693345,
        "num_samples": {
            "precision": 52,
            "recall": 52,
            "f1": 52
        }
    }
}