{
    "1": {
        "precision": 0.9642857142857143,
        "recall": 0.29411764705882354,
        "f1": 0.4507512520868113
    },
    "2": {
        "precision": 0.9545454545454546,
        "recall": 0.2727272727272727,
        "f1": 0.4242424242424242
    },
    "3": {
        "precision": 0.8888888888888888,
        "recall": 0.5,
        "f1": 0.64
    },
    "4": {
        "precision": 0.9310344827586207,
        "recall": 0.42857142857142855,
        "f1": 0.5869565217391304
    },
    "5": {
        "precision": 0.7888888888888889,
        "recall": 0.6363636363636364,
        "f1": 0.7044649184975196
    },
    "6": {
        "precision": 0.8222222222222222,
        "recall": 0.6296296296296297,
        "f1": 0.7131519274376418
    },
    "7": {
        "precision": 0.7032967032967034,
        "recall": 0.34285714285714286,
        "f1": 0.460984393757503
    },
    "8": {
        "precision": 0.8602150537634409,
        "recall": 0.3939393939393939,
        "f1": 0.5404001039230969
    },
    "average": {
        "precision": 0.8641721760812417,
        "recall": 0.43727576889341596,
        "f1": 0.5651189427105159,
        "num_samples": {
            "precision": 8,
            "recall": 8,
            "f1": 8
        }
    }
}