{
    "1": {
        "precision": 0.9285714285714286,
        "recall": 0.6470588235294118,
        "f1": 0.7626666666666667
    },
    "2": {
        "precision": 0.7391304347826086,
        "recall": 0.6060606060606061,
        "f1": 0.6660137120470127
    },
    "3": {
        "precision": 0.6296296296296297,
        "recall": 0.6666666666666666,
        "f1": 0.6476190476190475
    },
    "4": {
        "precision": 0.8275862068965517,
        "recall": 0.6428571428571429,
        "f1": 0.7236180904522613
    },
    "5": {
        "precision": 0.6444444444444445,
        "recall": 0.9090909090909091,
        "f1": 0.7542262678803641
    },
    "6": {
        "precision": 0.7,
        "recall": 0.9259259259259259,
        "f1": 0.7972665148063782
    },
    "7": {
        "precision": 0.6813186813186813,
        "recall": 0.9142857142857143,
        "f1": 0.7807949626131444
    },
    "8": {
        "precision": 0.7204301075268817,
        "recall": 0.8484848484848485,
        "f1": 0.7792315680166149
    },
    "average": {
        "precision": 0.7338888666462783,
        "recall": 0.7700538296126531,
        "f1": 0.7389296037626862,
        "num_samples": {
            "precision": 8,
            "recall": 8,
            "f1": 8
        }
    }
}