{
    "Launch_and_commissioning_of_the_James_Webb_Space_Telescope": {
        "precision": 0.7894736842105263,
        "recall": 0.5909090909090909,
        "f1": 0.6759098786828422
    },
    "2018_lower_Puna_eruption": {
        "precision": 1.0,
        "recall": 0.275,
        "f1": 0.4313725490196079
    },
    "Notre-Dame_fire": {
        "precision": 0.8,
        "recall": 0.3076923076923077,
        "f1": 0.4444444444444444
    },
    "2022_United_States_Senate_election_in_Georgia": {
        "precision": 0.88,
        "recall": 0.6756756756756757,
        "f1": 0.7644197359277276
    },
    "Hurricane_Irma": {
        "precision": 0.6470588235294118,
        "recall": 0.49122807017543857,
        "f1": 0.5584768812330009
    },
    "2018_Anchorage_earthquake": {
        "precision": 1.0,
        "recall": 0.3125,
        "f1": 0.47619047619047616
    },
    "2025_Canadian_federal_election": {
        "precision": 0.7272727272727273,
        "recall": 0.027777777777777776,
        "f1": 0.05351170568561872
    },
    "2025_Myanmar_earthquake": {
        "precision": 0.46153846153846156,
        "recall": 0.2,
        "f1": 0.27906976744186046
    },
    "Blue_Ghost_Mission_1": {
        "precision": 0.68,
        "recall": 0.0,
        "f1": 0.0
    },
    "Liberation_Day_Tariffs": {
        "precision": 0.16666666666666666,
        "recall": 0.07692307692307693,
        "f1": 0.10526315789473684
    }
}