{
    "Launch_and_commissioning_of_the_James_Webb_Space_Telescope": {
        "precision": 0.6666666666666666,
        "recall": 0.09090909090909091,
        "f1": 0.16
    },
    "2018_lower_Puna_eruption": {
        "precision": 0.8787878787878788,
        "recall": 0.3,
        "f1": 0.4473007712082262
    },
    "Notre-Dame_fire": {
        "precision": 0.875,
        "recall": 0.34615384615384615,
        "f1": 0.49606299212598415
    },
    "2022_United_States_Senate_election_in_Georgia": {
        "precision": 0.7391304347826086,
        "recall": 0.2972972972972973,
        "f1": 0.4240362811791383
    },
    "Hurricane_Irma": {
        "precision": 0.43103448275862066,
        "recall": 0.3333333333333333,
        "f1": 0.37593984962406013
    },
    "2018_Anchorage_earthquake": {
        "precision": 1.0,
        "recall": 0.1875,
        "f1": 0.3157894736842105
    },
    "2025_Canadian_federal_election": {
        "precision": 0.5964912280701754,
        "recall": 0.0,
        "f1": 0.0
    },
    "2025_Myanmar_earthquake": {
        "precision": 1.0,
        "recall": 0.0,
        "f1": 0.0
    },
    "Blue_Ghost_Mission_1": {
        "precision": 0.3076923076923077,
        "recall": 0.0,
        "f1": 0.0
    },
    "Liberation_Day_Tariffs": {
        "precision": 0.5967741935483871,
        "recall": 0.02564102564102564,
        "f1": 0.04916943521594684
    }
}