{
    "Launch_and_commissioning_of_the_James_Webb_Space_Telescope": {
        "f1": 0.8771523237228394
    },
    "2018_lower_Puna_eruption": {
        "f1": 0.869624137878418
    },
    "Notre-Dame_fire": {
        "f1": 0.8729893565177917
    },
    "2022_United_States_Senate_election_in_Georgia": {
        "f1": 0.8984907865524292
    },
    "Hurricane_Irma": {
        "f1": 0.886760413646698
    },
    "2018_Anchorage_earthquake": {
        "f1": 0.8859137892723083
    },
    "2025_Canadian_federal_election": {
        "f1": 0.8575180768966675
    },
    "2025_Myanmar_earthquake": {
        "f1": 0.8583186268806458
    },
    "Blue_Ghost_Mission_1": {
        "f1": 0.8384473919868469
    },
    "Liberation_Day_Tariffs": {
        "f1": 0.8306323885917664
    }
}