{
    "Launch_and_commissioning_of_the_James_Webb_Space_Telescope": {
        "f1": 0.8629672527313232
    },
    "2018_lower_Puna_eruption": {
        "f1": 0.8777531981468201
    },
    "Notre-Dame_fire": {
        "f1": 0.8744056820869446
    },
    "2022_United_States_Senate_election_in_Georgia": {
        "f1": 0.8823139071464539
    },
    "Hurricane_Irma": {
        "f1": 0.8543591499328613
    },
    "2018_Anchorage_earthquake": {
        "f1": 0.8559688925743103
    },
    "2025_Canadian_federal_election": {
        "f1": 0.862614095211029
    },
    "2025_Myanmar_earthquake": {
        "f1": 0.8821813464164734
    },
    "Blue_Ghost_Mission_1": {
        "f1": 0.8389189839363098
    },
    "Liberation_Day_Tariffs": {
        "f1": 0.8421065807342529
    }
}