{
    "Launch_and_commissioning_of_the_James_Webb_Space_Telescope": {
        "f1": 0.8509785532951355
    },
    "2018_lower_Puna_eruption": {
        "f1": 0.8524367213249207
    },
    "Notre-Dame_fire": {
        "f1": 0.8738619089126587
    },
    "2022_United_States_Senate_election_in_Georgia": {
        "f1": 0.8521023392677307
    },
    "Hurricane_Irma": {
        "f1": 0.8231657147407532
    },
    "2018_Anchorage_earthquake": {
        "f1": 0.8233782052993774
    },
    "2025_Canadian_federal_election": {
        "f1": 0.8451672792434692
    },
    "2025_Myanmar_earthquake": {
        "f1": 0.8242471814155579
    },
    "Blue_Ghost_Mission_1": {
        "f1": 0.8222605586051941
    },
    "Liberation_Day_Tariffs": {
        "f1": 0.818587601184845
    }
}