{
    "train_001": {
        "precision": 0.6904761904761905,
        "recall": 1.0,
        "f1": 0.8169014084507042
    },
    "train_003": {
        "precision": 0.7,
        "recall": 0.8125,
        "f1": 0.7520661157024793
    },
    "train_005": {
        "precision": 0.8333333333333334,
        "recall": 0.9230769230769231,
        "f1": 0.8759124087591241
    },
    "train_004": {
        "precision": 0.84,
        "recall": 0.9,
        "f1": 0.8689655172413793
    },
    "train_002": {
        "precision": 1.0,
        "recall": 0.967741935483871,
        "f1": 0.9836065573770492
    },
    "train_007": {
        "precision": 1.0,
        "recall": 0.8235294117647058,
        "f1": 0.9032258064516129
    },
    "train_008": {
        "precision": 1.0,
        "recall": 0.7727272727272727,
        "f1": 0.8717948717948718
    },
    "train_009": {
        "precision": 0.7727272727272727,
        "recall": 0.8780487804878049,
        "f1": 0.822028206850235
    },
    "train_006": {
        "precision": 0.7142857142857143,
        "recall": 0.7692307692307693,
        "f1": 0.7407407407407408
    },
    "train_012": {
        "precision": 0.9534883720930233,
        "recall": 0.6666666666666666,
        "f1": 0.784688995215311
    },
    "train_013": {
        "precision": 1.0,
        "recall": 0.8,
        "f1": 0.888888888888889
    },
    "train_014": {
        "precision": 0.8363636363636363,
        "recall": 0.9295774647887324,
        "f1": 0.8805104408352669
    },
    "train_010": {
        "precision": 0.8,
        "recall": 0.6666666666666666,
        "f1": 0.7272727272727272
    },
    "train_011": {
        "precision": 1.0,
        "recall": 0.9523809523809523,
        "f1": 0.975609756097561
    },
    "train_015": {
        "precision": 0.9285714285714286,
        "recall": 0.5769230769230769,
        "f1": 0.7116788321167883
    },
    "train_016": {
        "precision": 0.6,
        "recall": 0.8,
        "f1": 0.6857142857142857
    },
    "train_017": {
        "precision": 1.0,
        "recall": 0.95,
        "f1": 0.9743589743589743
    },
    "train_019": {
        "precision": 1.0,
        "recall": 1.0,
        "f1": 1.0
    },
    "train_018": {
        "precision": 0.5714285714285714,
        "recall": 0.6666666666666666,
        "f1": 0.6153846153846153
    },
    "train_020": {
        "precision": 0.7733333333333333,
        "recall": 0.7142857142857143,
        "f1": 0.7426376440460948
    },
    "train_021": {
        "precision": 0.75,
        "recall": 0.9090909090909091,
        "f1": 0.821917808219178
    },
    "train_022": {
        "precision": 0.7857142857142857,
        "recall": 0.8648648648648649,
        "f1": 0.8233918128654971
    },
    "train_023": {
        "precision": 0.7142857142857143,
        "recall": 0.5,
        "f1": 0.588235294117647
    },
    "train_024": {
        "precision": 0.9302325581395349,
        "recall": 1.0,
        "f1": 0.963855421686747
    },
    "train_025": {
        "precision": 1.0,
        "recall": 0.75,
        "f1": 0.8571428571428571
    },
    "train_026": {
        "precision": 0.9,
        "recall": 0.6666666666666666,
        "f1": 0.7659574468085106
    },
    "train_027": {
        "precision": 0.875,
        "recall": 0.8888888888888888,
        "f1": 0.8818897637795274
    },
    "train_028": {
        "precision": 0.9166666666666666,
        "recall": 1.0,
        "f1": 0.9565217391304348
    },
    "train_029": {
        "precision": 0.7272727272727273,
        "recall": 0.8666666666666667,
        "f1": 0.790874524714829
    },
    "train_030": {
        "precision": 1.0,
        "recall": 0.9615384615384616,
        "f1": 0.9803921568627451
    },
    "train_033": {
        "precision": 0.7659574468085106,
        "recall": 1.0,
        "f1": 0.8674698795180723
    },
    "train_034": {
        "precision": 1.0,
        "recall": 1.0,
        "f1": 1.0
    },
    "train_031": {
        "precision": 0.9285714285714286,
        "recall": 0.8518518518518519,
        "f1": 0.8885586924219911
    },
    "train_032": {
        "precision": 0.4444444444444444,
        "recall": 0.9090909090909091,
        "f1": 0.5970149253731343
    },
    "train_035": {
        "precision": 0.875,
        "recall": 0.75,
        "f1": 0.8076923076923077
    },
    "train_036": {
        "precision": 0.86,
        "recall": 0.9090909090909091,
        "f1": 0.8838643371017472
    },
    "train_037": {
        "precision": 1.0,
        "recall": 0.8333333333333334,
        "f1": 0.9090909090909091
    },
    "train_038": {
        "precision": 1.0,
        "recall": 0.7647058823529411,
        "f1": 0.8666666666666666
    },
    "train_039": {
        "precision": 1.0,
        "recall": 0.7368421052631579,
        "f1": 0.8484848484848484
    },
    "train_040": {
        "precision": 0.8571428571428571,
        "recall": 0.9090909090909091,
        "f1": 0.8823529411764706
    },
    "train_041": {
        "precision": 0.8823529411764706,
        "recall": 1.0,
        "f1": 0.9375
    },
    "train_042": {
        "precision": 0.8,
        "recall": 0.9444444444444444,
        "f1": 0.8662420382165604
    },
    "train_043": {
        "precision": 0.8181818181818182,
        "recall": 0.8636363636363636,
        "f1": 0.8402948402948404
    },
    "train_044": {
        "precision": 1.0,
        "recall": 0.8,
        "f1": 0.888888888888889
    },
    "train_045": {
        "precision": 1.0,
        "recall": 0.84,
        "f1": 0.9130434782608696
    },
    "train_046": {
        "precision": 0.8888888888888888,
        "recall": 0.7692307692307693,
        "f1": 0.8247422680412372
    },
    "train_047": {
        "precision": 0.8571428571428571,
        "recall": 0.6666666666666666,
        "f1": 0.75
    },
    "train_048": {
        "precision": 0.875,
        "recall": 1.0,
        "f1": 0.9333333333333333
    },
    "train_049": {
        "precision": 0.84,
        "recall": 0.9090909090909091,
        "f1": 0.8731808731808731
    },
    "train_050": {
        "precision": 1.0,
        "recall": 1.0,
        "f1": 1.0
    },
    "train_051": {
        "precision": 0.6,
        "recall": 0.9411764705882353,
        "f1": 0.7328244274809161
    },
    "train_052": {
        "precision": 0.8,
        "recall": 0.5714285714285714,
        "f1": 0.6666666666666666
    },
    "average": {
        "precision": 0.8597281247509366,
        "recall": 0.8451426702697357,
        "f1": 0.8428861142407118,
        "num_samples": {
            "precision": 52,
            "recall": 52,
            "f1": 52
        }
    }
}