{
    "train_001": {
        "precision": 0.8064516129032258,
        "recall": 1.0,
        "f1": 0.8928571428571428
    },
    "train_003": {
        "precision": 0.9,
        "recall": 0.8125,
        "f1": 0.854014598540146
    },
    "train_005": {
        "precision": 1.0,
        "recall": 0.8461538461538461,
        "f1": 0.9166666666666666
    },
    "train_004": {
        "precision": 0.94,
        "recall": 0.625,
        "f1": 0.7507987220447283
    },
    "train_002": {
        "precision": 1.0,
        "recall": 0.4838709677419355,
        "f1": 0.6521739130434783
    },
    "train_007": {
        "precision": 1.0,
        "recall": 0.6470588235294118,
        "f1": 0.7857142857142858
    },
    "train_008": {
        "precision": 1.0,
        "recall": 0.5454545454545454,
        "f1": 0.7058823529411764
    },
    "train_009": {
        "precision": 0.9545454545454546,
        "recall": 0.5853658536585366,
        "f1": 0.7257019438444924
    },
    "train_006": {
        "precision": 1.0,
        "recall": 0.6923076923076923,
        "f1": 0.8181818181818181
    },
    "train_012": {
        "precision": 0.975,
        "recall": 0.6666666666666666,
        "f1": 0.7918781725888324
    },
    "train_013": {
        "precision": 1.0,
        "recall": 0.8,
        "f1": 0.888888888888889
    },
    "train_014": {
        "precision": 0.8518518518518519,
        "recall": 0.6338028169014085,
        "f1": 0.7268258426966292
    },
    "train_010": {
        "precision": 1.0,
        "recall": 0.3888888888888889,
        "f1": 0.56
    },
    "train_011": {
        "precision": 1.0,
        "recall": 0.9047619047619048,
        "f1": 0.9500000000000001
    },
    "train_015": {
        "precision": 0.9285714285714286,
        "recall": 0.38461538461538464,
        "f1": 0.5439330543933054
    },
    "train_016": {
        "precision": 0.8,
        "recall": 0.4,
        "f1": 0.5333333333333333
    },
    "train_017": {
        "precision": 1.0,
        "recall": 0.75,
        "f1": 0.8571428571428571
    },
    "train_019": {
        "precision": 1.0,
        "recall": 0.6666666666666666,
        "f1": 0.8
    },
    "train_018": {
        "precision": 0.8571428571428571,
        "recall": 0.6666666666666666,
        "f1": 0.75
    },
    "train_020": {
        "precision": 0.8904109589041096,
        "recall": 0.5714285714285714,
        "f1": 0.6961178045515395
    },
    "train_021": {
        "precision": 0.875,
        "recall": 0.6363636363636364,
        "f1": 0.7368421052631579
    },
    "train_022": {
        "precision": 0.8571428571428571,
        "recall": 0.7837837837837838,
        "f1": 0.8188235294117646
    },
    "train_023": {
        "precision": 0.7142857142857143,
        "recall": 0.5,
        "f1": 0.588235294117647
    },
    "train_024": {
        "precision": 0.9473684210526315,
        "recall": 0.75,
        "f1": 0.8372093023255814
    },
    "train_025": {
        "precision": 1.0,
        "recall": 0.65,
        "f1": 0.787878787878788
    },
    "train_026": {
        "precision": 0.9,
        "recall": 0.5833333333333334,
        "f1": 0.7078651685393258
    },
    "train_027": {
        "precision": 1.0,
        "recall": 0.3888888888888889,
        "f1": 0.56
    },
    "train_028": {
        "precision": 1.0,
        "recall": 0.7857142857142857,
        "f1": 0.88
    },
    "train_029": {
        "precision": 0.8181818181818182,
        "recall": 0.6666666666666666,
        "f1": 0.7346938775510203
    },
    "train_030": {
        "precision": 1.0,
        "recall": 0.6153846153846154,
        "f1": 0.761904761904762
    },
    "train_033": {
        "precision": 0.851063829787234,
        "recall": 0.6,
        "f1": 0.7038123167155425
    },
    "train_034": {
        "precision": 1.0,
        "recall": 0.5357142857142857,
        "f1": 0.6976744186046512
    },
    "train_031": {
        "precision": 0.9565217391304348,
        "recall": 0.4444444444444444,
        "f1": 0.6068965517241379
    },
    "train_032": {
        "precision": 1.0,
        "recall": 0.7272727272727273,
        "f1": 0.8421052631578948
    },
    "train_035": {
        "precision": 1.0,
        "recall": 0.45,
        "f1": 0.6206896551724138
    },
    "train_036": {
        "precision": 0.94,
        "recall": 0.8181818181818182,
        "f1": 0.874870734229576
    },
    "train_037": {
        "precision": 1.0,
        "recall": 0.6666666666666666,
        "f1": 0.8
    },
    "train_038": {
        "precision": 1.0,
        "recall": 0.7352941176470589,
        "f1": 0.8474576271186441
    },
    "train_039": {
        "precision": 1.0,
        "recall": 0.49122807017543857,
        "f1": 0.6588235294117647
    },
    "train_040": {
        "precision": 1.0,
        "recall": 0.9090909090909091,
        "f1": 0.9523809523809523
    },
    "train_041": {
        "precision": 1.0,
        "recall": 0.8333333333333334,
        "f1": 0.9090909090909091
    },
    "train_042": {
        "precision": 1.0,
        "recall": 0.5555555555555556,
        "f1": 0.7142857142857143
    },
    "train_043": {
        "precision": 0.9090909090909091,
        "recall": 0.7727272727272727,
        "f1": 0.8353808353808354
    },
    "train_044": {
        "precision": 1.0,
        "recall": 0.8,
        "f1": 0.888888888888889
    },
    "train_045": {
        "precision": 1.0,
        "recall": 0.48,
        "f1": 0.6486486486486487
    },
    "train_046": {
        "precision": 1.0,
        "recall": 0.5384615384615384,
        "f1": 0.7000000000000001
    },
    "train_047": {
        "precision": 1.0,
        "recall": 0.6666666666666666,
        "f1": 0.8
    },
    "train_048": {
        "precision": 1.0,
        "recall": 1.0,
        "f1": 1.0
    },
    "train_049": {
        "precision": 0.92,
        "recall": 0.9090909090909091,
        "f1": 0.9145129224652088
    },
    "train_050": {
        "precision": 1.0,
        "recall": 1.0,
        "f1": 1.0
    },
    "train_051": {
        "precision": 1.0,
        "recall": 0.9411764705882353,
        "f1": 0.9696969696969697
    },
    "train_052": {
        "precision": 1.0,
        "recall": 0.47619047619047616,
        "f1": 0.6451612903225806
    },
    "average": {
        "precision": 0.9537044125498179,
        "recall": 0.6688930724497053,
        "f1": 0.773921950994552,
        "num_samples": {
            "precision": 52,
            "recall": 52,
            "f1": 52
        }
    }
}