{
    "1": {
        "precision": 0.5652173913043478,
        "recall": 0.8235294117647058,
        "f1": 0.6703499079189686
    },
    "2": {
        "precision": 0.9705882352941176,
        "recall": 0.6666666666666666,
        "f1": 0.7904191616766466
    },
    "3": {
        "precision": 0.6,
        "recall": 0.6666666666666666,
        "f1": 0.631578947368421
    },
    "4": {
        "precision": 0.6818181818181818,
        "recall": 0.42857142857142855,
        "f1": 0.5263157894736843
    },
    "5": {
        "precision": 0.6625,
        "recall": 0.9090909090909091,
        "f1": 0.7664497469269702
    },
    "6": {
        "precision": 0.6625,
        "recall": 0.8888888888888888,
        "f1": 0.7591763652641002
    },
    "7": {
        "precision": 0.8172043010752689,
        "recall": 0.7714285714285715,
        "f1": 0.7936569328949913
    },
    "8": {
        "precision": 0.9,
        "recall": 0.8181818181818182,
        "f1": 0.8571428571428572
    },
    "average": {
        "precision": 0.7324785136864895,
        "recall": 0.746628045157457,
        "f1": 0.7243862135833299,
        "num_samples": {
            "precision": 8,
            "recall": 8,
            "f1": 8
        }
    }
}