{
    "1": {
        "precision": 0.9130434782608695,
        "recall": 0.35294117647058826,
        "f1": 0.5090909090909091
    },
    "2": {
        "precision": 1.0,
        "recall": 0.42424242424242425,
        "f1": 0.5957446808510638
    },
    "3": {
        "precision": 1.0,
        "recall": 0.3333333333333333,
        "f1": 0.5
    },
    "4": {
        "precision": 0.9545454545454546,
        "recall": 0.42857142857142855,
        "f1": 0.5915492957746478
    },
    "5": {
        "precision": 0.7721518987341772,
        "recall": 0.8181818181818182,
        "f1": 0.7945007235890016
    },
    "6": {
        "precision": 0.810126582278481,
        "recall": 0.6666666666666666,
        "f1": 0.7314285714285714
    },
    "7": {
        "precision": 0.8602150537634409,
        "recall": 0.37142857142857144,
        "f1": 0.5188326265901722
    },
    "8": {
        "precision": 0.9473684210526315,
        "recall": 0.12121212121212122,
        "f1": 0.21492537313432838
    },
    "average": {
        "precision": 0.9071813610793819,
        "recall": 0.439572192513369,
        "f1": 0.5570090225573368,
        "num_samples": {
            "precision": 8,
            "recall": 8,
            "f1": 8
        }
    }
}