{
    "Launch_and_commissioning_of_the_James_Webb_Space_Telescope": {
        "faithfulness": 0.6451498866081238,
        "answer_relevance": 0.6451498866081238,
        "context_relevance": 0.20634920634920637
    },
    "2018_lower_Puna_eruption": {
        "faithfulness": 0.641803503036499,
        "answer_relevance": 0.641803503036499,
        "context_relevance": 0.1
    },
    "Notre-Dame_fire": {
        "faithfulness": 0.5038236379623413,
        "answer_relevance": 0.5038236379623413,
        "context_relevance": 0.16666666666666666
    },
    "2022_United_States_Senate_election_in_Georgia": {
        "faithfulness": 0.7506712675094604,
        "answer_relevance": 0.7506712675094604,
        "context_relevance": 0.11538461538461539
    },
    "Hurricane_Irma": {
        "faithfulness": 0.5759444832801819,
        "answer_relevance": 0.5759444832801819,
        "context_relevance": 0.45714285714285713
    },
    "2018_Anchorage_earthquake": {
        "faithfulness": 0.6910578608512878,
        "answer_relevance": 0.6910578608512878,
        "context_relevance": 0.24444444444444446
    },
    "2025_Canadian_federal_election": {
        "faithfulness": 0.7251244783401489,
        "answer_relevance": 0.7251244783401489,
        "context_relevance": 0.1111111111111111
    },
    "2025_Myanmar_earthquake": {
        "faithfulness": 0.736743688583374,
        "answer_relevance": 0.736743688583374,
        "context_relevance": 0.14090909090909093
    },
    "Blue_Ghost_Mission_1": {
        "faithfulness": 0.45108285546302795,
        "answer_relevance": 0.45108285546302795,
        "context_relevance": 0.0
    },
    "Liberation_Day_Tariffs": {
        "faithfulness": 0.42611008882522583,
        "answer_relevance": 0.42611008882522583,
        "context_relevance": 0.0
    }
}