{
    "1": {
        "precision": 0.6333333333333333,
        "recall": 0.7647058823529411,
        "f1": 0.6928471248246844
    },
    "2": {
        "precision": 0.7666666666666667,
        "recall": 0.6666666666666666,
        "f1": 0.7131782945736433
    },
    "3": {
        "precision": 0.6666666666666666,
        "recall": 0.6666666666666666,
        "f1": 0.6666666666666666
    },
    "4": {
        "precision": 0.6296296296296297,
        "recall": 0.5714285714285714,
        "f1": 0.5991189427312775
    },
    "5": {
        "precision": 0.7555555555555555,
        "recall": 0.9090909090909091,
        "f1": 0.8252427184466019
    },
    "6": {
        "precision": 0.6444444444444445,
        "recall": 0.8888888888888888,
        "f1": 0.747181964573269
    },
    "7": {
        "precision": 0.7448979591836735,
        "recall": 0.8285714285714286,
        "f1": 0.7845099129145824
    },
    "8": {
        "precision": 0.96,
        "recall": 0.7878787878787878,
        "f1": 0.8654646324549238
    },
    "average": {
        "precision": 0.7251492819349963,
        "recall": 0.7604872251931075,
        "f1": 0.7367762821482061,
        "num_samples": {
            "precision": 8,
            "recall": 8,
            "f1": 8
        }
    }
}