{
    "1": {
        "precision": 0.9,
        "recall": 0.4117647058823529,
        "f1": 0.5650224215246638
    },
    "2": {
        "precision": 0.9333333333333333,
        "recall": 0.30303030303030304,
        "f1": 0.45751633986928103
    },
    "3": {
        "precision": 0.9333333333333333,
        "recall": 0.6666666666666666,
        "f1": 0.7777777777777778
    },
    "4": {
        "precision": 0.8888888888888888,
        "recall": 0.5,
        "f1": 0.64
    },
    "5": {
        "precision": 0.8333333333333334,
        "recall": 0.6363636363636364,
        "f1": 0.7216494845360825
    },
    "6": {
        "precision": 0.7752808988764045,
        "recall": 0.7037037037037037,
        "f1": 0.7377602701181768
    },
    "7": {
        "precision": 0.7938144329896907,
        "recall": 0.2857142857142857,
        "f1": 0.4201909959072305
    },
    "8": {
        "precision": 1.0,
        "recall": 0.2727272727272727,
        "f1": 0.42857142857142855
    },
    "average": {
        "precision": 0.882248027594373,
        "recall": 0.4724963217610276,
        "f1": 0.5935610897880801,
        "num_samples": {
            "precision": 8,
            "recall": 8,
            "f1": 8
        }
    }
}