{
    "train_001": {
        "precision": 0.8,
        "recall": 1.0,
        "f1": 0.888888888888889
    },
    "train_003": {
        "precision": 0.6,
        "recall": 0.75,
        "f1": 0.6666666666666665
    },
    "train_005": {
        "precision": 0.5555555555555556,
        "recall": 0.9230769230769231,
        "f1": 0.6936416184971099
    },
    "train_004": {
        "precision": 0.72,
        "recall": 0.875,
        "f1": 0.7899686520376176
    },
    "train_002": {
        "precision": 0.8461538461538461,
        "recall": 0.967741935483871,
        "f1": 0.9028727770177839
    },
    "train_007": {
        "precision": 1.0,
        "recall": 0.7647058823529411,
        "f1": 0.8666666666666666
    },
    "train_008": {
        "precision": 1.0,
        "recall": 0.8636363636363636,
        "f1": 0.9268292682926829
    },
    "train_009": {
        "precision": 0.75,
        "recall": 0.926829268292683,
        "f1": 0.8290909090909092
    },
    "train_006": {
        "precision": 0.8666666666666667,
        "recall": 0.7692307692307693,
        "f1": 0.8150470219435738
    },
    "train_012": {
        "precision": 0.9777777777777777,
        "recall": 0.8333333333333334,
        "f1": 0.8997955010224948
    },
    "train_013": {
        "precision": 0.95,
        "recall": 0.8,
        "f1": 0.8685714285714285
    },
    "train_014": {
        "precision": 0.8571428571428571,
        "recall": 0.9014084507042254,
        "f1": 0.8787185354691075
    },
    "train_010": {
        "precision": 0.9333333333333333,
        "recall": 0.6666666666666666,
        "f1": 0.7777777777777778
    },
    "train_011": {
        "precision": 1.0,
        "recall": 0.8571428571428571,
        "f1": 0.923076923076923
    },
    "train_015": {
        "precision": 0.8461538461538461,
        "recall": 0.5384615384615384,
        "f1": 0.6581196581196581
    },
    "train_016": {
        "precision": 1.0,
        "recall": 0.8666666666666667,
        "f1": 0.9285714285714286
    },
    "train_017": {
        "precision": 0.7777777777777778,
        "recall": 1.0,
        "f1": 0.8750000000000001
    },
    "train_019": {
        "precision": 1.0,
        "recall": 1.0,
        "f1": 1.0
    },
    "train_018": {
        "precision": 0.35714285714285715,
        "recall": 0.6666666666666666,
        "f1": 0.46511627906976744
    },
    "train_020": {
        "precision": 0.6530612244897959,
        "recall": 0.7142857142857143,
        "f1": 0.6823027718550106
    },
    "train_021": {
        "precision": 1.0,
        "recall": 0.9090909090909091,
        "f1": 0.9523809523809523
    },
    "train_022": {
        "precision": 1.0,
        "recall": 0.8378378378378378,
        "f1": 0.911764705882353
    },
    "train_023": {
        "precision": 0.5,
        "recall": 0.5,
        "f1": 0.5
    },
    "train_024": {
        "precision": 0.8888888888888888,
        "recall": 0.9375,
        "f1": 0.9125475285171102
    },
    "train_025": {
        "precision": 0.9166666666666666,
        "recall": 0.8,
        "f1": 0.854368932038835
    },
    "train_026": {
        "precision": 0.8461538461538461,
        "recall": 0.6666666666666666,
        "f1": 0.7457627118644068
    },
    "train_027": {
        "precision": 0.7777777777777778,
        "recall": 0.8333333333333334,
        "f1": 0.8045977011494253
    },
    "train_028": {
        "precision": 0.8666666666666667,
        "recall": 0.8571428571428571,
        "f1": 0.861878453038674
    },
    "train_029": {
        "precision": 0.7777777777777778,
        "recall": 0.8666666666666667,
        "f1": 0.81981981981982
    },
    "train_030": {
        "precision": 0.8727272727272727,
        "recall": 1.0,
        "f1": 0.9320388349514563
    },
    "train_033": {
        "precision": 0.8,
        "recall": 1.0,
        "f1": 0.888888888888889
    },
    "train_034": {
        "precision": 0.9772727272727273,
        "recall": 1.0,
        "f1": 0.9885057471264368
    },
    "train_031": {
        "precision": 1.0,
        "recall": 0.9259259259259259,
        "f1": 0.9615384615384615
    },
    "train_032": {
        "precision": 1.0,
        "recall": 0.9090909090909091,
        "f1": 0.9523809523809523
    },
    "train_035": {
        "precision": 0.8,
        "recall": 0.8,
        "f1": 0.8000000000000002
    },
    "train_036": {
        "precision": 1.0,
        "recall": 0.8181818181818182,
        "f1": 0.9
    },
    "train_037": {
        "precision": 0.8,
        "recall": 0.8333333333333334,
        "f1": 0.816326530612245
    },
    "train_038": {
        "precision": 0.8695652173913043,
        "recall": 0.7352941176470589,
        "f1": 0.7968127490039841
    },
    "train_039": {
        "precision": 0.8048780487804879,
        "recall": 0.8421052631578947,
        "f1": 0.8230709275136399
    },
    "train_040": {
        "precision": 1.0,
        "recall": 0.9090909090909091,
        "f1": 0.9523809523809523
    },
    "train_041": {
        "precision": 0.8888888888888888,
        "recall": 0.9166666666666666,
        "f1": 0.9025641025641026
    },
    "train_042": {
        "precision": 0.9,
        "recall": 0.9444444444444444,
        "f1": 0.9216867469879517
    },
    "train_043": {
        "precision": 0.7272727272727273,
        "recall": 0.9090909090909091,
        "f1": 0.8080808080808082
    },
    "train_044": {
        "precision": 0.75,
        "recall": 1.0,
        "f1": 0.8571428571428571
    },
    "train_045": {
        "precision": 0.875,
        "recall": 0.92,
        "f1": 0.8969359331476324
    },
    "train_046": {
        "precision": 1.0,
        "recall": 0.6923076923076923,
        "f1": 0.8181818181818181
    },
    "train_047": {
        "precision": 1.0,
        "recall": 0.9444444444444444,
        "f1": 0.9714285714285714
    },
    "train_048": {
        "precision": 0.8571428571428571,
        "recall": 1.0,
        "f1": 0.923076923076923
    },
    "train_049": {
        "precision": 0.8727272727272727,
        "recall": 1.0,
        "f1": 0.9320388349514563
    },
    "train_050": {
        "precision": 1.0,
        "recall": 0.9,
        "f1": 0.9473684210526316
    },
    "train_051": {
        "precision": 0.6,
        "recall": 0.8823529411764706,
        "f1": 0.7142857142857143
    },
    "train_052": {
        "precision": 1.0,
        "recall": 0.8571428571428571,
        "f1": 0.923076923076923
    },
    "average": {
        "precision": 0.8550033149678745,
        "recall": 0.8583185295854006,
        "f1": 0.8486087553019515,
        "num_samples": {
            "precision": 52,
            "recall": 52,
            "f1": 52
        }
    }
}