{
    "train_001": {
        "precision": 1.0,
        "recall": 0.7142857142857143,
        "f1": 0.8333333333333333
    },
    "train_003": {
        "precision": 0.8,
        "recall": 0.625,
        "f1": 0.7017543859649122
    },
    "train_005": {
        "precision": 0.8888888888888888,
        "recall": 0.8461538461538461,
        "f1": 0.8669950738916256
    },
    "train_004": {
        "precision": 0.96,
        "recall": 0.525,
        "f1": 0.6787878787878788
    },
    "train_002": {
        "precision": 0.9230769230769231,
        "recall": 0.5806451612903226,
        "f1": 0.7128712871287128
    },
    "train_007": {
        "precision": 1.0,
        "recall": 0.6470588235294118,
        "f1": 0.7857142857142858
    },
    "train_008": {
        "precision": 1.0,
        "recall": 0.5,
        "f1": 0.6666666666666666
    },
    "train_009": {
        "precision": 0.8958333333333334,
        "recall": 0.5853658536585366,
        "f1": 0.7080617495711835
    },
    "train_006": {
        "precision": 1.0,
        "recall": 0.34615384615384615,
        "f1": 0.5142857142857142
    },
    "train_012": {
        "precision": 0.9777777777777777,
        "recall": 0.6666666666666666,
        "f1": 0.7927927927927928
    },
    "train_013": {
        "precision": 1.0,
        "recall": 0.8,
        "f1": 0.888888888888889
    },
    "train_014": {
        "precision": 0.9047619047619048,
        "recall": 0.4788732394366197,
        "f1": 0.6262724188075618
    },
    "train_010": {
        "precision": 1.0,
        "recall": 0.3333333333333333,
        "f1": 0.5
    },
    "train_011": {
        "precision": 1.0,
        "recall": 0.7619047619047619,
        "f1": 0.8648648648648648
    },
    "train_015": {
        "precision": 1.0,
        "recall": 0.34615384615384615,
        "f1": 0.5142857142857142
    },
    "train_016": {
        "precision": 1.0,
        "recall": 0.6,
        "f1": 0.7499999999999999
    },
    "train_017": {
        "precision": 1.0,
        "recall": 0.8,
        "f1": 0.888888888888889
    },
    "train_019": {
        "precision": 1.0,
        "recall": 0.6666666666666666,
        "f1": 0.8
    },
    "train_018": {
        "precision": 0.5714285714285714,
        "recall": 0.6666666666666666,
        "f1": 0.6153846153846153
    },
    "train_020": {
        "precision": 0.8,
        "recall": 0.7142857142857143,
        "f1": 0.7547169811320756
    },
    "train_021": {
        "precision": 1.0,
        "recall": 0.6363636363636364,
        "f1": 0.7777777777777778
    },
    "train_022": {
        "precision": 1.0,
        "recall": 0.5945945945945946,
        "f1": 0.7457627118644068
    },
    "train_023": {
        "precision": 0.8333333333333334,
        "recall": 0.5,
        "f1": 0.625
    },
    "train_024": {
        "precision": 1.0,
        "recall": 0.875,
        "f1": 0.9333333333333333
    },
    "train_025": {
        "precision": 1.0,
        "recall": 0.65,
        "f1": 0.787878787878788
    },
    "train_026": {
        "precision": 0.9230769230769231,
        "recall": 0.5833333333333334,
        "f1": 0.7148936170212767
    },
    "train_027": {
        "precision": 0.8888888888888888,
        "recall": 0.4444444444444444,
        "f1": 0.5925925925925926
    },
    "train_028": {
        "precision": 0.9333333333333333,
        "recall": 0.7857142857142857,
        "f1": 0.8531855955678669
    },
    "train_029": {
        "precision": 1.0,
        "recall": 0.4666666666666667,
        "f1": 0.6363636363636364
    },
    "train_030": {
        "precision": 0.8378378378378378,
        "recall": 0.6923076923076923,
        "f1": 0.7581521739130435
    },
    "train_033": {
        "precision": 0.9555555555555556,
        "recall": 0.35,
        "f1": 0.5123404255319148
    },
    "train_034": {
        "precision": 0.9767441860465116,
        "recall": 0.5,
        "f1": 0.6614173228346456
    },
    "train_031": {
        "precision": 1.0,
        "recall": 0.5185185185185185,
        "f1": 0.6829268292682926
    },
    "train_032": {
        "precision": 1.0,
        "recall": 0.7272727272727273,
        "f1": 0.8421052631578948
    },
    "train_035": {
        "precision": 1.0,
        "recall": 0.5,
        "f1": 0.6666666666666666
    },
    "train_036": {
        "precision": 1.0,
        "recall": 0.36363636363636365,
        "f1": 0.5333333333333333
    },
    "train_037": {
        "precision": 1.0,
        "recall": 0.7083333333333334,
        "f1": 0.8292682926829268
    },
    "train_038": {
        "precision": 1.0,
        "recall": 0.6764705882352942,
        "f1": 0.8070175438596492
    },
    "train_039": {
        "precision": 0.975609756097561,
        "recall": 0.47368421052631576,
        "f1": 0.6377325066430469
    },
    "train_040": {
        "precision": 1.0,
        "recall": 0.8181818181818182,
        "f1": 0.9
    },
    "train_041": {
        "precision": 0.8888888888888888,
        "recall": 0.6666666666666666,
        "f1": 0.761904761904762
    },
    "train_042": {
        "precision": 0.925,
        "recall": 0.6111111111111112,
        "f1": 0.735985533453888
    },
    "train_043": {
        "precision": 0.7727272727272727,
        "recall": 0.7272727272727273,
        "f1": 0.7493112947658402
    },
    "train_044": {
        "precision": 1.0,
        "recall": 0.6,
        "f1": 0.7499999999999999
    },
    "train_045": {
        "precision": 0.925,
        "recall": 0.72,
        "f1": 0.809726443768997
    },
    "train_046": {
        "precision": 1.0,
        "recall": 0.5769230769230769,
        "f1": 0.7317073170731707
    },
    "train_047": {
        "precision": 1.0,
        "recall": 0.3888888888888889,
        "f1": 0.56
    },
    "train_048": {
        "precision": 1.0,
        "recall": 1.0,
        "f1": 1.0
    },
    "train_049": {
        "precision": 0.9818181818181818,
        "recall": 1.0,
        "f1": 0.9908256880733944
    },
    "train_050": {
        "precision": 1.0,
        "recall": 0.8,
        "f1": 0.888888888888889
    },
    "train_051": {
        "precision": 0.6,
        "recall": 0.5882352941176471,
        "f1": 0.5940594059405941
    },
    "train_052": {
        "precision": 1.0,
        "recall": 0.7619047619047619,
        "f1": 0.8648648648648648
    },
    "average": {
        "precision": 0.9449919530167633,
        "recall": 0.6251872861576895,
        "f1": 0.7384536182579848,
        "num_samples": {
            "precision": 52,
            "recall": 52,
            "f1": 52
        }
    }
}