{
    "Launch_and_commissioning_of_the_James_Webb_Space_Telescope": {
        "precision": 1.0,
        "recall": 0.22727272727272727,
        "f1": 0.37037037037037035
    },
    "2018_lower_Puna_eruption": {
        "precision": 0.9705882352941176,
        "recall": 0.5,
        "f1": 0.6599999999999999
    },
    "Notre-Dame_fire": {
        "precision": 0.9512195121951219,
        "recall": 0.5,
        "f1": 0.6554621848739496
    },
    "2022_United_States_Senate_election_in_Georgia": {
        "precision": 0.9545454545454546,
        "recall": 0.5675675675675675,
        "f1": 0.711864406779661
    },
    "Hurricane_Irma": {
        "precision": 0.9736842105263158,
        "recall": 0.5263157894736842,
        "f1": 0.6832871652816251
    },
    "2018_Anchorage_earthquake": {
        "precision": 0.9642857142857143,
        "recall": 0.3125,
        "f1": 0.472027972027972
    },
    "2025_Canadian_federal_election": {
        "precision": 1.0,
        "recall": 0.08333333333333333,
        "f1": 0.15384615384615385
    },
    "2025_Myanmar_earthquake": {
        "precision": 1.0,
        "recall": 0.2,
        "f1": 0.33333333333333337
    },
    "Blue_Ghost_Mission_1": {
        "precision": 0.9655172413793104,
        "recall": 0.03571428571428571,
        "f1": 0.06888068880688807
    },
    "Liberation_Day_Tariffs": {
        "precision": 1.0,
        "recall": 0.05128205128205128,
        "f1": 0.09756097560975609
    }
}