{
    "Launch_and_commissioning_of_the_James_Webb_Space_Telescope": {
        "precision": 0.9166666666666666,
        "recall": 0.09090909090909091,
        "f1": 0.16541353383458646
    },
    "2018_lower_Puna_eruption": {
        "precision": 1.0,
        "recall": 0.3,
        "f1": 0.4615384615384615
    },
    "Notre-Dame_fire": {
        "precision": 0.9166666666666666,
        "recall": 0.34615384615384615,
        "f1": 0.5025380710659898
    },
    "2022_United_States_Senate_election_in_Georgia": {
        "precision": 1.0,
        "recall": 0.2972972972972973,
        "f1": 0.4583333333333333
    },
    "Hurricane_Irma": {
        "precision": 0.896551724137931,
        "recall": 0.3333333333333333,
        "f1": 0.48598130841121495
    },
    "2018_Anchorage_earthquake": {
        "precision": 0.9636363636363636,
        "recall": 0.1875,
        "f1": 0.313919052319842
    },
    "2025_Canadian_federal_election": {
        "precision": 0.9824561403508771,
        "recall": 0.0,
        "f1": 0.0
    },
    "2025_Myanmar_earthquake": {
        "precision": 1.0,
        "recall": 0.0,
        "f1": 0.0
    },
    "Blue_Ghost_Mission_1": {
        "precision": 0.9230769230769231,
        "recall": 0.0,
        "f1": 0.0
    },
    "Liberation_Day_Tariffs": {
        "precision": 0.8548387096774194,
        "recall": 0.02564102564102564,
        "f1": 0.04978863316110849
    }
}