{
    "1": {
        "precision": 0.9166666666666666,
        "recall": 0.4117647058823529,
        "f1": 0.5682656826568265
    },
    "2": {
        "precision": 0.96,
        "recall": 0.2727272727272727,
        "f1": 0.42477876106194684
    },
    "3": {
        "precision": 0.75,
        "recall": 0.8333333333333334,
        "f1": 0.7894736842105262
    },
    "4": {
        "precision": 0.9259259259259259,
        "recall": 0.5,
        "f1": 0.6493506493506493
    },
    "5": {
        "precision": 0.8181818181818182,
        "recall": 0.5909090909090909,
        "f1": 0.686217008797654
    },
    "6": {
        "precision": 0.8333333333333334,
        "recall": 0.6296296296296297,
        "f1": 0.7172995780590717
    },
    "7": {
        "precision": 0.8144329896907216,
        "recall": 0.2857142857142857,
        "f1": 0.4230254350736278
    },
    "8": {
        "precision": 0.9032258064516129,
        "recall": 0.3939393939393939,
        "f1": 0.5486058779201205
    },
    "average": {
        "precision": 0.8652208175312598,
        "recall": 0.48975221401691993,
        "f1": 0.6008770846413028,
        "num_samples": {
            "precision": 8,
            "recall": 8,
            "f1": 8
        }
    }
}