{
    "1": {
        "precision": 0.7083333333333334,
        "recall": 0.6470588235294118,
        "f1": 0.6763110307414105
    },
    "2": {
        "precision": 0.96,
        "recall": 0.7575757575757576,
        "f1": 0.8468595624558928
    },
    "3": {
        "precision": 0.5,
        "recall": 0.6666666666666666,
        "f1": 0.5714285714285715
    },
    "4": {
        "precision": 0.7777777777777778,
        "recall": 0.6428571428571429,
        "f1": 0.7039106145251396
    },
    "5": {
        "precision": 0.6,
        "recall": 0.9090909090909091,
        "f1": 0.7228915662650602
    },
    "6": {
        "precision": 0.6888888888888889,
        "recall": 0.9629629629629629,
        "f1": 0.8031888390632784
    },
    "7": {
        "precision": 0.7857142857142857,
        "recall": 0.8857142857142857,
        "f1": 0.8327228327228327
    },
    "8": {
        "precision": 0.8172043010752689,
        "recall": 0.9090909090909091,
        "f1": 0.8607021517553793
    },
    "average": {
        "precision": 0.7297398233486944,
        "recall": 0.7976271821860057,
        "f1": 0.7522518961196957,
        "num_samples": {
            "precision": 8,
            "recall": 8,
            "f1": 8
        }
    }
}