{
    "1": {
        "precision": 0.9032258064516129,
        "recall": 0.35294117647058826,
        "f1": 0.5075528700906344
    },
    "2": {
        "precision": 0.925,
        "recall": 0.48484848484848486,
        "f1": 0.6362170875873187
    },
    "3": {
        "precision": 1.0,
        "recall": 0.16666666666666666,
        "f1": 0.2857142857142857
    },
    "4": {
        "precision": 0.9642857142857143,
        "recall": 0.6428571428571429,
        "f1": 0.7714285714285715
    },
    "5": {
        "precision": 0.9333333333333333,
        "recall": 0.8636363636363636,
        "f1": 0.897133220910624
    },
    "6": {
        "precision": 0.898876404494382,
        "recall": 0.7037037037037037,
        "f1": 0.7894053492599324
    },
    "7": {
        "precision": 0.9263157894736842,
        "recall": 0.45714285714285713,
        "f1": 0.6121739130434782
    },
    "8": {
        "precision": 0.9310344827586207,
        "recall": 0.42424242424242425,
        "f1": 0.5828835774865073
    },
    "average": {
        "precision": 0.9352589413496685,
        "recall": 0.5120048524460289,
        "f1": 0.635313609440169,
        "num_samples": {
            "precision": 8,
            "recall": 8,
            "f1": 8
        }
    }
}