{
    "1": {
        "precision": 0.7419354838709677,
        "recall": 0.8235294117647058,
        "f1": 0.7806060606060605
    },
    "2": {
        "precision": 0.8,
        "recall": 0.8484848484848485,
        "f1": 0.823529411764706
    },
    "3": {
        "precision": 0.6,
        "recall": 0.5,
        "f1": 0.5454545454545454
    },
    "4": {
        "precision": 0.7857142857142857,
        "recall": 0.7857142857142857,
        "f1": 0.7857142857142857
    },
    "5": {
        "precision": 0.6111111111111112,
        "recall": 0.9090909090909091,
        "f1": 0.7308970099667774
    },
    "6": {
        "precision": 0.8089887640449438,
        "recall": 0.8518518518518519,
        "f1": 0.8298672012027061
    },
    "7": {
        "precision": 0.8947368421052632,
        "recall": 0.9142857142857143,
        "f1": 0.9044056525353283
    },
    "8": {
        "precision": 0.8850574712643678,
        "recall": 0.8484848484848485,
        "f1": 0.8663853727144866
    },
    "average": {
        "precision": 0.7659429947638674,
        "recall": 0.8101802337096454,
        "f1": 0.7833574424948619,
        "num_samples": {
            "precision": 8,
            "recall": 8,
            "f1": 8
        }
    }
}