{
    "Launch_and_commissioning_of_the_James_Webb_Space_Telescope": {
        "precision": 0.8888888888888888,
        "recall": 0.6818181818181818,
        "f1": 0.7717041800643086
    },
    "2018_lower_Puna_eruption": {
        "precision": 0.9393939393939394,
        "recall": 0.975,
        "f1": 0.9568658488326077
    },
    "Notre-Dame_fire": {
        "precision": 0.875,
        "recall": 1.0,
        "f1": 0.9333333333333333
    },
    "2022_United_States_Senate_election_in_Georgia": {
        "precision": 0.782608695652174,
        "recall": 0.8378378378378378,
        "f1": 0.8092820884699057
    },
    "Hurricane_Irma": {
        "precision": 0.95,
        "recall": 0.9122807017543859,
        "f1": 0.9307583608101743
    },
    "2018_Anchorage_earthquake": {
        "precision": 0.7833333333333333,
        "recall": 1.0,
        "f1": 0.8785046728971964
    },
    "2025_Canadian_federal_election": {
        "precision": 0.5087719298245614,
        "recall": 0.4722222222222222,
        "f1": 0.4898161947342275
    },
    "2025_Myanmar_earthquake": {
        "precision": 0.875,
        "recall": 0.5333333333333333,
        "f1": 0.6627218934911243
    },
    "Blue_Ghost_Mission_1": {
        "precision": 0.8846153846153846,
        "recall": 0.6428571428571429,
        "f1": 0.7446043165467626
    },
    "Liberation_Day_Tariffs": {
        "precision": 0.6774193548387096,
        "recall": 0.7692307692307693,
        "f1": 0.7204116638078902
    }
}