{
    "1": {
        "precision": 0.6666666666666666,
        "recall": 0.8235294117647058,
        "f1": 0.7368421052631577
    },
    "2": {
        "precision": 0.6,
        "recall": 0.6666666666666666,
        "f1": 0.631578947368421
    },
    "3": {
        "precision": 0.72,
        "recall": 0.8333333333333334,
        "f1": 0.7725321888412018
    },
    "4": {
        "precision": 0.5769230769230769,
        "recall": 0.5714285714285714,
        "f1": 0.5741626794258372
    },
    "5": {
        "precision": 0.6555555555555556,
        "recall": 0.8636363636363636,
        "f1": 0.7453457446808511
    },
    "6": {
        "precision": 0.7222222222222222,
        "recall": 0.9629629629629629,
        "f1": 0.8253968253968254
    },
    "7": {
        "precision": 0.7777777777777778,
        "recall": 0.8857142857142857,
        "f1": 0.8282442748091604
    },
    "8": {
        "precision": 0.7528089887640449,
        "recall": 0.8787878787878788,
        "f1": 0.8109348914858096
    },
    "average": {
        "precision": 0.683994285988668,
        "recall": 0.810757434286846,
        "f1": 0.7406297071589081,
        "num_samples": {
            "precision": 8,
            "recall": 8,
            "f1": 8
        }
    }
}