{
    "1": {
        "precision": 0.9259259259259259,
        "recall": 0.4117647058823529,
        "f1": 0.5700325732899022
    },
    "2": {
        "precision": 0.92,
        "recall": 0.2727272727272727,
        "f1": 0.42073170731707316
    },
    "3": {
        "precision": 0.96,
        "recall": 0.6666666666666666,
        "f1": 0.7868852459016393
    },
    "4": {
        "precision": 0.8846153846153846,
        "recall": 0.5,
        "f1": 0.6388888888888888
    },
    "5": {
        "precision": 0.8651685393258427,
        "recall": 0.5909090909090909,
        "f1": 0.7022097509645738
    },
    "6": {
        "precision": 0.8539325842696629,
        "recall": 0.6296296296296297,
        "f1": 0.7248246844319777
    },
    "7": {
        "precision": 0.8522727272727273,
        "recall": 0.3142857142857143,
        "f1": 0.45922627330921234
    },
    "8": {
        "precision": 0.8089887640449438,
        "recall": 0.45454545454545453,
        "f1": 0.582053354890865
    },
    "average": {
        "precision": 0.883862990681811,
        "recall": 0.4800660668307727,
        "f1": 0.6106065598742665,
        "num_samples": {
            "precision": 8,
            "recall": 8,
            "f1": 8
        }
    }
}