{
    "1": {
        "precision": 0.8275862068965517,
        "recall": 0.5882352941176471,
        "f1": 0.6876790830945558
    },
    "2": {
        "precision": 0.6666666666666666,
        "recall": 0.7575757575757576,
        "f1": 0.7092198581560282
    },
    "3": {
        "precision": 0.6896551724137931,
        "recall": 0.6666666666666666,
        "f1": 0.6779661016949153
    },
    "4": {
        "precision": 0.896551724137931,
        "recall": 0.7142857142857143,
        "f1": 0.7951070336391437
    },
    "5": {
        "precision": 0.6888888888888889,
        "recall": 0.9090909090909091,
        "f1": 0.7838179519595448
    },
    "6": {
        "precision": 0.6666666666666666,
        "recall": 0.8888888888888888,
        "f1": 0.761904761904762
    },
    "7": {
        "precision": 0.7010309278350515,
        "recall": 0.9142857142857143,
        "f1": 0.7935813274981764
    },
    "8": {
        "precision": 0.7653061224489796,
        "recall": 0.9393939393939394,
        "f1": 0.8434609105750045
    },
    "average": {
        "precision": 0.7377940469943162,
        "recall": 0.7973028605381547,
        "f1": 0.7565921285652664,
        "num_samples": {
            "precision": 8,
            "recall": 8,
            "f1": 8
        }
    }
}