{
    "1": {
        "precision": 0.9655172413793104,
        "recall": 0.47058823529411764,
        "f1": 0.6327683615819208
    },
    "2": {
        "precision": 0.9333333333333333,
        "recall": 0.36363636363636365,
        "f1": 0.5233644859813085
    },
    "3": {
        "precision": 0.896551724137931,
        "recall": 0.6666666666666666,
        "f1": 0.7647058823529411
    },
    "4": {
        "precision": 0.8620689655172413,
        "recall": 0.5,
        "f1": 0.6329113924050632
    },
    "5": {
        "precision": 0.8222222222222222,
        "recall": 0.7272727272727273,
        "f1": 0.771838331160365
    },
    "6": {
        "precision": 0.8202247191011236,
        "recall": 0.5925925925925926,
        "f1": 0.6880706921944035
    },
    "7": {
        "precision": 0.7525773195876289,
        "recall": 0.2857142857142857,
        "f1": 0.4141843971631206
    },
    "8": {
        "precision": 0.8571428571428571,
        "recall": 0.30303030303030304,
        "f1": 0.4477611940298507
    },
    "average": {
        "precision": 0.8637047978027059,
        "recall": 0.48868764677588206,
        "f1": 0.6094505921086217,
        "num_samples": {
            "precision": 8,
            "recall": 8,
            "f1": 8
        }
    }
}