{
    "Launch_and_commissioning_of_the_James_Webb_Space_Telescope": {
        "precision": 0.9642857142857143,
        "recall": 0.9545454545454546,
        "f1": 0.9593908629441624
    },
    "2018_lower_Puna_eruption": {
        "precision": 0.9117647058823529,
        "recall": 0.975,
        "f1": 0.9423226812159002
    },
    "Notre-Dame_fire": {
        "precision": 0.975609756097561,
        "recall": 1.0,
        "f1": 0.9876543209876543
    },
    "2022_United_States_Senate_election_in_Georgia": {
        "precision": 0.8260869565217391,
        "recall": 1.0,
        "f1": 0.9047619047619047
    },
    "Hurricane_Irma": {
        "precision": 0.9210526315789473,
        "recall": 0.8771929824561403,
        "f1": 0.8985879332477534
    },
    "2018_Anchorage_earthquake": {
        "precision": 0.8928571428571429,
        "recall": 0.3125,
        "f1": 0.462962962962963
    },
    "2025_Canadian_federal_election": {
        "precision": 0.64,
        "recall": 0.4722222222222222,
        "f1": 0.5434565434565435
    },
    "2025_Myanmar_earthquake": {
        "precision": 0.6060606060606061,
        "recall": 0.6666666666666666,
        "f1": 0.6349206349206349
    },
    "Blue_Ghost_Mission_1": {
        "precision": 0.9310344827586207,
        "recall": 0.8214285714285714,
        "f1": 0.8728039353478566
    },
    "Liberation_Day_Tariffs": {
        "precision": 0.9130434782608695,
        "recall": 0.8461538461538461,
        "f1": 0.8783269961977186
    }
}