{
    "1": {
        "precision": 1.0,
        "recall": 0.6470588235294118,
        "f1": 0.7857142857142858
    },
    "2": {
        "precision": 0.0,
        "recall": 0.6363636363636364,
        "f1": 0.0
    },
    "3": {
        "precision": 0.0,
        "recall": 1.0,
        "f1": 0.0
    },
    "4": {
        "precision": 0.0,
        "recall": 0.5,
        "f1": 0.0
    },
    "5": {
        "precision": 0.6,
        "recall": 0.9090909090909091,
        "f1": 0.7228915662650602
    },
    "6": {
        "precision": 1.0,
        "recall": 0.8518518518518519,
        "f1": 0.92
    },
    "7": {
        "precision": 0.6666666666666666,
        "recall": 0.8,
        "f1": 0.7272727272727272
    },
    "8": {
        "precision": 0.6666666666666666,
        "recall": 0.7878787878787878,
        "f1": 0.7222222222222221
    },
    "average": {
        "precision": 0.49166666666666664,
        "recall": 0.7665305010893246,
        "f1": 0.4847626001842869,
        "num_samples": {
            "precision": 8,
            "recall": 8,
            "f1": 8
        }
    }
}