{
    "1": {
        "precision": 1.0,
        "recall": 0.6470588235294118,
        "f1": 0.7857142857142858
    },
    "2": {
        "precision": 1.0,
        "recall": 0.6060606060606061,
        "f1": 0.7547169811320755
    },
    "3": {
        "precision": 0.0,
        "recall": 1.0,
        "f1": 0.0
    },
    "4": {
        "precision": 1.0,
        "recall": 0.5,
        "f1": 0.6666666666666666
    },
    "5": {
        "precision": 1.0,
        "recall": 0.9090909090909091,
        "f1": 0.9523809523809523
    },
    "6": {
        "precision": 1.0,
        "recall": 0.8518518518518519,
        "f1": 0.92
    },
    "7": {
        "precision": 1.0,
        "recall": 0.8285714285714286,
        "f1": 0.90625
    },
    "8": {
        "precision": 1.0,
        "recall": 0.7878787878787878,
        "f1": 0.8813559322033898
    },
    "average": {
        "precision": 0.875,
        "recall": 0.7663140508728744,
        "f1": 0.7333856022621713,
        "num_samples": {
            "precision": 8,
            "recall": 8,
            "f1": 8
        }
    }
}