{
    "1": {
        "precision": 1.0,
        "recall": 0.058823529411764705,
        "f1": 0.1111111111111111
    },
    "2": {
        "precision": 1.0,
        "recall": 0.06060606060606061,
        "f1": 0.1142857142857143
    },
    "3": {
        "precision": 0.9032258064516129,
        "recall": 1.0,
        "f1": 0.9491525423728813
    },
    "4": {
        "precision": 0.896551724137931,
        "recall": 0.6428571428571429,
        "f1": 0.7488000000000001
    },
    "5": {
        "precision": 1.0,
        "recall": 0.2727272727272727,
        "f1": 0.42857142857142855
    },
    "6": {
        "precision": 0.9,
        "recall": 0.18518518518518517,
        "f1": 0.3071672354948805
    },
    "7": {
        "precision": 0.86,
        "recall": 0.2571428571428571,
        "f1": 0.3959079283887468
    },
    "8": {
        "precision": 1.0,
        "recall": 0.21212121212121213,
        "f1": 0.35
    },
    "average": {
        "precision": 0.944972191323693,
        "recall": 0.3361829075064369,
        "f1": 0.42562449502809535,
        "num_samples": {
            "precision": 8,
            "recall": 8,
            "f1": 8
        }
    }
}