{
    "1": {
        "precision": 1.0,
        "recall": 0.6470588235294118,
        "f1": 0.7857142857142858
    },
    "2": {
        "precision": 1.0,
        "recall": 0.7272727272727273,
        "f1": 0.8421052631578948
    },
    "3": {
        "precision": 0.75,
        "recall": 0.6666666666666666,
        "f1": 0.7058823529411765
    },
    "4": {
        "precision": 0.7586206896551724,
        "recall": 0.6428571428571429,
        "f1": 0.6959578207381371
    },
    "5": {
        "precision": 0.46153846153846156,
        "recall": 0.8636363636363636,
        "f1": 0.6015831134564644
    },
    "6": {
        "precision": 0.9,
        "recall": 0.8148148148148148,
        "f1": 0.855291576673866
    },
    "7": {
        "precision": 0.5961538461538461,
        "recall": 0.8857142857142857,
        "f1": 0.7126436781609196
    },
    "8": {
        "precision": 1.0,
        "recall": 0.8484848484848485,
        "f1": 0.9180327868852458
    },
    "average": {
        "precision": 0.808289124668435,
        "recall": 0.7620632091220326,
        "f1": 0.7646513597159987,
        "num_samples": {
            "precision": 8,
            "recall": 8,
            "f1": 8
        }
    }
}