{
    "1": {
        "precision": 0.9285714285714286,
        "recall": 0.7058823529411765,
        "f1": 0.802056555269923
    },
    "2": {
        "precision": 1.0,
        "recall": 0.7272727272727273,
        "f1": 0.8421052631578948
    },
    "3": {
        "precision": 0.84375,
        "recall": 0.6666666666666666,
        "f1": 0.7448275862068966
    },
    "4": {
        "precision": 0.7931034482758621,
        "recall": 0.6428571428571429,
        "f1": 0.7101200686106348
    },
    "5": {
        "precision": 1.0,
        "recall": 0.8636363636363636,
        "f1": 0.9268292682926829
    },
    "6": {
        "precision": 0.9,
        "recall": 0.8148148148148148,
        "f1": 0.855291576673866
    },
    "7": {
        "precision": 0.5961538461538461,
        "recall": 0.8857142857142857,
        "f1": 0.7126436781609196
    },
    "8": {
        "precision": 0.9375,
        "recall": 0.8484848484848485,
        "f1": 0.8907741251325557
    },
    "average": {
        "precision": 0.8748848403751421,
        "recall": 0.7694161502985033,
        "f1": 0.8105810151881717,
        "num_samples": {
            "precision": 8,
            "recall": 8,
            "f1": 8
        }
    }
}