{
    "train_001": {
        "precision": 1.0,
        "recall": 1.0,
        "f1": 1.0
    },
    "train_003": {
        "precision": 0.6190476190476191,
        "recall": 0.75,
        "f1": 0.6782608695652174
    },
    "train_005": {
        "precision": 0.75,
        "recall": 0.9230769230769231,
        "f1": 0.8275862068965517
    },
    "train_004": {
        "precision": 0.9361702127659575,
        "recall": 0.875,
        "f1": 0.9045521292217328
    },
    "train_002": {
        "precision": 0.875,
        "recall": 0.9032258064516129,
        "f1": 0.8888888888888888
    },
    "train_007": {
        "precision": 0.9090909090909091,
        "recall": 0.7058823529411765,
        "f1": 0.794701986754967
    },
    "train_008": {
        "precision": 1.0,
        "recall": 0.7727272727272727,
        "f1": 0.8717948717948718
    },
    "train_009": {
        "precision": 0.6470588235294118,
        "recall": 0.926829268292683,
        "f1": 0.7620783956244302
    },
    "train_006": {
        "precision": 0.9,
        "recall": 0.7692307692307693,
        "f1": 0.8294930875576038
    },
    "train_012": {
        "precision": 0.9777777777777777,
        "recall": 0.8333333333333334,
        "f1": 0.8997955010224948
    },
    "train_013": {
        "precision": 0.9333333333333333,
        "recall": 0.8,
        "f1": 0.8615384615384616
    },
    "train_014": {
        "precision": 0.7358490566037735,
        "recall": 0.8873239436619719,
        "f1": 0.8045186640471512
    },
    "train_010": {
        "precision": 1.0,
        "recall": 0.7777777777777778,
        "f1": 0.8750000000000001
    },
    "train_011": {
        "precision": 1.0,
        "recall": 0.9047619047619048,
        "f1": 0.9500000000000001
    },
    "train_015": {
        "precision": 0.8461538461538461,
        "recall": 0.5384615384615384,
        "f1": 0.6581196581196581
    },
    "train_016": {
        "precision": 1.0,
        "recall": 0.8666666666666667,
        "f1": 0.9285714285714286
    },
    "train_017": {
        "precision": 0.8,
        "recall": 1.0,
        "f1": 0.888888888888889
    },
    "train_019": {
        "precision": 1.0,
        "recall": 1.0,
        "f1": 1.0
    },
    "train_018": {
        "precision": 0.5714285714285714,
        "recall": 0.6666666666666666,
        "f1": 0.6153846153846153
    },
    "train_020": {
        "precision": 0.6666666666666666,
        "recall": 0.7142857142857143,
        "f1": 0.689655172413793
    },
    "train_021": {
        "precision": 0.8888888888888888,
        "recall": 0.9090909090909091,
        "f1": 0.8988764044943819
    },
    "train_022": {
        "precision": 0.84,
        "recall": 0.8108108108108109,
        "f1": 0.825147347740668
    },
    "train_023": {
        "precision": 0.5,
        "recall": 0.5,
        "f1": 0.5
    },
    "train_024": {
        "precision": 0.9,
        "recall": 0.9375,
        "f1": 0.9183673469387755
    },
    "train_025": {
        "precision": 0.8620689655172413,
        "recall": 0.75,
        "f1": 0.8021390374331552
    },
    "train_026": {
        "precision": 0.8333333333333334,
        "recall": 0.75,
        "f1": 0.7894736842105262
    },
    "train_027": {
        "precision": 0.7142857142857143,
        "recall": 0.8888888888888888,
        "f1": 0.792079207920792
    },
    "train_028": {
        "precision": 1.0,
        "recall": 0.8571428571428571,
        "f1": 0.923076923076923
    },
    "train_029": {
        "precision": 0.7,
        "recall": 0.8666666666666667,
        "f1": 0.774468085106383
    },
    "train_030": {
        "precision": 1.0,
        "recall": 1.0,
        "f1": 1.0
    },
    "train_033": {
        "precision": 0.673469387755102,
        "recall": 0.95,
        "f1": 0.7881835323695788
    },
    "train_034": {
        "precision": 1.0,
        "recall": 1.0,
        "f1": 1.0
    },
    "train_031": {
        "precision": 0.875,
        "recall": 0.9629629629629629,
        "f1": 0.9168765743073048
    },
    "train_032": {
        "precision": 1.0,
        "recall": 0.9090909090909091,
        "f1": 0.9523809523809523
    },
    "train_035": {
        "precision": 0.6333333333333333,
        "recall": 0.85,
        "f1": 0.7258426966292134
    },
    "train_036": {
        "precision": 0.9,
        "recall": 0.9090909090909091,
        "f1": 0.9045226130653266
    },
    "train_037": {
        "precision": 0.9166666666666666,
        "recall": 0.8333333333333334,
        "f1": 0.8730158730158729
    },
    "train_038": {
        "precision": 0.8444444444444444,
        "recall": 0.6176470588235294,
        "f1": 0.713455520786768
    },
    "train_039": {
        "precision": 0.9,
        "recall": 0.8245614035087719,
        "f1": 0.8606307222787385
    },
    "train_040": {
        "precision": 1.0,
        "recall": 0.9090909090909091,
        "f1": 0.9523809523809523
    },
    "train_041": {
        "precision": 0.8666666666666667,
        "recall": 0.9166666666666666,
        "f1": 0.8909657320872274
    },
    "train_042": {
        "precision": 1.0,
        "recall": 0.9444444444444444,
        "f1": 0.9714285714285714
    },
    "train_043": {
        "precision": 0.8571428571428571,
        "recall": 0.9090909090909091,
        "f1": 0.8823529411764706
    },
    "train_044": {
        "precision": 1.0,
        "recall": 0.9,
        "f1": 0.9473684210526316
    },
    "train_045": {
        "precision": 1.0,
        "recall": 0.92,
        "f1": 0.9583333333333334
    },
    "train_046": {
        "precision": 0.9166666666666666,
        "recall": 0.6923076923076923,
        "f1": 0.7888446215139442
    },
    "train_047": {
        "precision": 0.9333333333333333,
        "recall": 0.7777777777777778,
        "f1": 0.8484848484848485
    },
    "train_048": {
        "precision": 0.8888888888888888,
        "recall": 1.0,
        "f1": 0.9411764705882353
    },
    "train_049": {
        "precision": 0.8545454545454545,
        "recall": 0.9090909090909091,
        "f1": 0.880974695407685
    },
    "train_050": {
        "precision": 1.0,
        "recall": 1.0,
        "f1": 1.0
    },
    "train_051": {
        "precision": 0.7777777777777778,
        "recall": 0.7058823529411765,
        "f1": 0.7400881057268723
    },
    "train_052": {
        "precision": 1.0,
        "recall": 0.8571428571428571,
        "f1": 0.923076923076923
    },
    "average": {
        "precision": 0.8700786383777738,
        "recall": 0.8496832916596134,
        "f1": 0.854093095467381,
        "num_samples": {
            "precision": 52,
            "recall": 52,
            "f1": 52
        }
    }
}