{
    "train_001": {
        "precision": 1.0,
        "recall": 0.8571428571428571,
        "f1": 0.923076923076923
    },
    "train_003": {
        "precision": 0.8095238095238095,
        "recall": 0.6875,
        "f1": 0.7435387673956263
    },
    "train_005": {
        "precision": 0.9166666666666666,
        "recall": 0.9230769230769231,
        "f1": 0.9198606271777002
    },
    "train_004": {
        "precision": 0.9574468085106383,
        "recall": 0.55,
        "f1": 0.6986591390261117
    },
    "train_002": {
        "precision": 1.0,
        "recall": 0.6451612903225806,
        "f1": 0.7843137254901961
    },
    "train_007": {
        "precision": 1.0,
        "recall": 0.6470588235294118,
        "f1": 0.7857142857142858
    },
    "train_008": {
        "precision": 1.0,
        "recall": 0.5909090909090909,
        "f1": 0.7428571428571429
    },
    "train_009": {
        "precision": 0.9411764705882353,
        "recall": 0.5853658536585366,
        "f1": 0.7218045112781956
    },
    "train_006": {
        "precision": 1.0,
        "recall": 0.4230769230769231,
        "f1": 0.5945945945945945
    },
    "train_012": {
        "precision": 1.0,
        "recall": 0.6666666666666666,
        "f1": 0.8
    },
    "train_013": {
        "precision": 1.0,
        "recall": 0.8,
        "f1": 0.888888888888889
    },
    "train_014": {
        "precision": 0.8301886792452831,
        "recall": 0.5915492957746479,
        "f1": 0.6908411214953272
    },
    "train_010": {
        "precision": 1.0,
        "recall": 0.4444444444444444,
        "f1": 0.6153846153846153
    },
    "train_011": {
        "precision": 1.0,
        "recall": 0.8571428571428571,
        "f1": 0.923076923076923
    },
    "train_015": {
        "precision": 1.0,
        "recall": 0.34615384615384615,
        "f1": 0.5142857142857142
    },
    "train_016": {
        "precision": 1.0,
        "recall": 0.8,
        "f1": 0.888888888888889
    },
    "train_017": {
        "precision": 1.0,
        "recall": 0.75,
        "f1": 0.8571428571428571
    },
    "train_019": {
        "precision": 1.0,
        "recall": 0.6666666666666666,
        "f1": 0.8
    },
    "train_018": {
        "precision": 0.8571428571428571,
        "recall": 0.8333333333333334,
        "f1": 0.8450704225352113
    },
    "train_020": {
        "precision": 0.8333333333333334,
        "recall": 0.8571428571428571,
        "f1": 0.8450704225352113
    },
    "train_021": {
        "precision": 1.0,
        "recall": 0.6363636363636364,
        "f1": 0.7777777777777778
    },
    "train_022": {
        "precision": 0.8367346938775511,
        "recall": 0.7567567567567568,
        "f1": 0.7947386638975424
    },
    "train_023": {
        "precision": 0.5,
        "recall": 0.5,
        "f1": 0.5
    },
    "train_024": {
        "precision": 1.0,
        "recall": 0.875,
        "f1": 0.9333333333333333
    },
    "train_025": {
        "precision": 0.9655172413793104,
        "recall": 0.7,
        "f1": 0.8115942028985508
    },
    "train_026": {
        "precision": 0.9166666666666666,
        "recall": 0.5,
        "f1": 0.6470588235294118
    },
    "train_027": {
        "precision": 1.0,
        "recall": 0.3333333333333333,
        "f1": 0.5
    },
    "train_028": {
        "precision": 0.8571428571428571,
        "recall": 0.7857142857142857,
        "f1": 0.8198757763975155
    },
    "train_029": {
        "precision": 0.9,
        "recall": 0.5333333333333333,
        "f1": 0.6697674418604651
    },
    "train_030": {
        "precision": 1.0,
        "recall": 0.6538461538461539,
        "f1": 0.7906976744186047
    },
    "train_033": {
        "precision": 0.9387755102040817,
        "recall": 0.5,
        "f1": 0.652482269503546
    },
    "train_034": {
        "precision": 1.0,
        "recall": 0.5714285714285714,
        "f1": 0.7272727272727273
    },
    "train_031": {
        "precision": 1.0,
        "recall": 0.48148148148148145,
        "f1": 0.65
    },
    "train_032": {
        "precision": 1.0,
        "recall": 0.8181818181818182,
        "f1": 0.9
    },
    "train_035": {
        "precision": 0.8666666666666667,
        "recall": 0.45,
        "f1": 0.5924050632911393
    },
    "train_036": {
        "precision": 1.0,
        "recall": 0.6363636363636364,
        "f1": 0.7777777777777778
    },
    "train_037": {
        "precision": 1.0,
        "recall": 0.75,
        "f1": 0.8571428571428571
    },
    "train_038": {
        "precision": 0.9318181818181818,
        "recall": 0.6470588235294118,
        "f1": 0.7637595258255715
    },
    "train_039": {
        "precision": 0.9,
        "recall": 0.43859649122807015,
        "f1": 0.5897771952817825
    },
    "train_040": {
        "precision": 1.0,
        "recall": 0.9090909090909091,
        "f1": 0.9523809523809523
    },
    "train_041": {
        "precision": 1.0,
        "recall": 0.75,
        "f1": 0.8571428571428571
    },
    "train_042": {
        "precision": 1.0,
        "recall": 0.4444444444444444,
        "f1": 0.6153846153846153
    },
    "train_043": {
        "precision": 0.9047619047619048,
        "recall": 0.8181818181818182,
        "f1": 0.8592964824120602
    },
    "train_044": {
        "precision": 1.0,
        "recall": 0.3,
        "f1": 0.4615384615384615
    },
    "train_045": {
        "precision": 1.0,
        "recall": 0.56,
        "f1": 0.717948717948718
    },
    "train_046": {
        "precision": 0.9166666666666666,
        "recall": 0.5769230769230769,
        "f1": 0.7081545064377681
    },
    "train_047": {
        "precision": 0.9333333333333333,
        "recall": 0.6666666666666666,
        "f1": 0.7777777777777778
    },
    "train_048": {
        "precision": 1.0,
        "recall": 1.0,
        "f1": 1.0
    },
    "train_049": {
        "precision": 0.9818181818181818,
        "recall": 0.9090909090909091,
        "f1": 0.944055944055944
    },
    "train_050": {
        "precision": 1.0,
        "recall": 0.8,
        "f1": 0.888888888888889
    },
    "train_051": {
        "precision": 0.8888888888888888,
        "recall": 0.5294117647058824,
        "f1": 0.663594470046083
    },
    "train_052": {
        "precision": 1.0,
        "recall": 0.7619047619047619,
        "f1": 0.8648648648648648
    },
    "average": {
        "precision": 0.9496974888122137,
        "recall": 0.6560685461848192,
        "f1": 0.762491523460231,
        "num_samples": {
            "precision": 52,
            "recall": 52,
            "f1": 52
        }
    }
}