{
    "Launch_and_commissioning_of_the_James_Webb_Space_Telescope": {
        "precision": 1.0,
        "recall": 0.9545454545454546,
        "f1": 0.9767441860465117
    },
    "2018_lower_Puna_eruption": {
        "precision": 1.0,
        "recall": 1.0,
        "f1": 1.0
    },
    "Notre-Dame_fire": {
        "precision": 0.92,
        "recall": 0.9615384615384616,
        "f1": 0.9403107113654947
    },
    "2022_United_States_Senate_election_in_Georgia": {
        "precision": 1.0,
        "recall": 0.918918918918919,
        "f1": 0.9577464788732395
    },
    "Hurricane_Irma": {
        "precision": 0.7647058823529411,
        "recall": 0.8771929824561403,
        "f1": 0.8170961659333752
    },
    "2018_Anchorage_earthquake": {
        "precision": 1.0,
        "recall": 0.9375,
        "f1": 0.967741935483871
    },
    "2025_Canadian_federal_election": {
        "precision": 1.0,
        "recall": 0.4722222222222222,
        "f1": 0.6415094339622641
    },
    "2025_Myanmar_earthquake": {
        "precision": 0.8461538461538461,
        "recall": 0.6666666666666666,
        "f1": 0.7457627118644068
    },
    "Blue_Ghost_Mission_1": {
        "precision": 0.84,
        "recall": 0.6428571428571429,
        "f1": 0.7283236994219654
    },
    "Liberation_Day_Tariffs": {
        "precision": 0.8333333333333334,
        "recall": 0.8205128205128205,
        "f1": 0.82687338501292
    }
}