{
    "Launch_and_commissioning_of_the_James_Webb_Space_Telescope": {
        "precision": 1.0,
        "recall": 0.9545454545454546,
        "f1": 0.9767441860465117
    },
    "2018_lower_Puna_eruption": {
        "precision": 0.9411764705882353,
        "recall": 1.0,
        "f1": 0.9696969696969697
    },
    "Notre-Dame_fire": {
        "precision": 1.0,
        "recall": 1.0,
        "f1": 1.0
    },
    "2022_United_States_Senate_election_in_Georgia": {
        "precision": 0.9565217391304348,
        "recall": 0.9459459459459459,
        "f1": 0.9512044471896233
    },
    "Hurricane_Irma": {
        "precision": 0.9736842105263158,
        "recall": 0.8771929824561403,
        "f1": 0.9229234222998254
    },
    "2018_Anchorage_earthquake": {
        "precision": 1.0,
        "recall": 0.9375,
        "f1": 0.967741935483871
    },
    "2025_Canadian_federal_election": {
        "precision": 0.96,
        "recall": 0.3611111111111111,
        "f1": 0.5248107653490327
    },
    "2025_Myanmar_earthquake": {
        "precision": 1.0,
        "recall": 0.8,
        "f1": 0.888888888888889
    },
    "Blue_Ghost_Mission_1": {
        "precision": 1.0,
        "recall": 0.8214285714285714,
        "f1": 0.9019607843137255
    },
    "Liberation_Day_Tariffs": {
        "precision": 0.927536231884058,
        "recall": 0.7948717948717948,
        "f1": 0.8560949298813376
    }
}